"periodo";"ABEV3";"NATU3";"PETR4";"ITSA4"
2011-12-15;10,6526;17,65;21,51;6,12461
2011-12-16;10,6127;17,75;21,299999;6,07491
2011-12-19;10,7146;17,65;21,120001;5,99207
2011-12-20;10,7925;17,625;22,1;6,15775
2011-12-21;10,7006;17,455;21,92;6,15222
2011-12-22;10,6526;17,825001;22,15;6,26268
2011-12-23;10,7905;18,325001;22,219999;6,32343
2011-12-26;10,7126;18,065001;22,17;6,29581
2011-12-27;10,8125;17,92;22,200001;6,22402
2011-12-28;10,7865;18,105;21,43;6,10804
2011-12-29;10,9124;18,129999;21,49;6,22954
2012-01-02;10,8725;18,450001;21,73;6,15222
2012-01-03;10,7486;18,975;22,41;6,33447
2012-01-04;10,4987;18,844999;22,57;6,34552
2012-01-05;10,2909;18,775;22,309999;6,3179
2012-01-06;10,2649;18,450001;22,33;6,35104
2012-01-09;10,2449;18,625;22,629999;6,39522
2012-01-10;10,193;18,625;22,9;6,49463
2012-01-11;10,193;18,73;22,91;6,48911
2012-01-12;10,2389;18,799999;23,08;6,47806
2012-01-13;10,2529;18,92;23,049999;6,43388
2012-01-16;10,3748;18,725;23,65;6,43388
2012-01-17;10,4428;;;
2012-01-18;10,5527;19,5;24,370001;6,62717
2012-01-19;10,5027;19,5;24,209999;6,65479
2012-01-20;10,5327;19,700001;24,219999;6,64926
2012-01-23;10,3908;19,200001;25,129999;6,56642
2012-01-24;10,5287;19,16;25,4;6,46149
2012-01-26;10,4927;19,450001;24,92;6,51672
2012-01-27;10,3428;19,145;24,67;6,4394
2012-01-30;10,3508;19,035;24,57;6,37313
2012-01-31;10,3928;18,709999;24,57;6,3179
2012-02-01;10,5327;19,299999;24,950001;6,4394
2012-02-02;10,5527;19,5;24,530001;6,46149
2012-02-03;10,7126;19,870001;24,610001;6,47806
2012-02-06;10,5387;19,629999;24,860001;6,48911
2012-02-07;10,4328;20,02;25,6;6,55538
2012-02-08;10,3868;20,4;25,43;6,6824
2012-02-09;10,4707;20,469999;25,5;6,65479
2012-02-10;10,4228;20,35;23,5;6,5609
2012-02-13;10,6027;20,35;;6,5609
2012-02-14;10,6227;20,219999;23,209999;6,66583
2012-02-15;10,6526;20,5;23,1;6,58851
2012-02-16;10,8705;20,700001;23,879999;6,58851
2012-02-17;11,1423;20,725;24,049999;6,62717
2012-02-23;11,0124;20,57;23,92;6,53329
2012-02-24;11,2942;20,684999;24,48;6,50567
2012-02-27;11,3921;19,85;24,35;6,45597
2012-02-28;11,4741;19,735001;24,33;6,59404
2012-02-29;11,616;20,245001;24,309999;6,62717
2012-03-01;11,4521;20,875;24,879999;6,73763
2012-03-02;11,6459;20,715;25,299999;6,83151
2012-03-05;11,542;20,450001;24,59;6,75972
2012-03-06;11,532;20,370001;23,75;6,56642
2012-03-07;11,8418;20,924999;23,98;6,67135
2012-03-08;12,0137;20,934999;24,09;6,83151
2012-03-09;12,3914;20,674999;23,709999;6,89778
2012-03-12;12,4914;20,469999;23,43;6,80942
2012-03-13;12,6972;21,045;24,43;6,87569
2012-03-14;12,6313;21;24,83;6,9033
2012-03-15;12,5093;20,805;24,219999;6,91435
2012-03-16;12,3554;20,110001;24,35;6,94749
2012-03-19;12,3554;20,110001;;6,94749
2012-03-20;12,6313;19,725;24,27;6,82599
2012-03-21;12,6712;19,76;24,110001;6,75972
2012-03-22;12,7912;20,135;24,110001;6,75972
2012-03-23;12,7912;20,355;23,700001;6,5112
2012-03-26;13,3708;20,865;24,209999;6,60508
2012-03-27;13,1289;20,9;23,799999;6,62165
2012-03-28;12,5913;20,07;23,389999;6,45045
2012-03-29;12,6512;20,295;23,32;6,35104
2012-03-30;12,5853;19,85;23,35;6,21297
2012-04-02;12,8411;20,07;23,23;6,2682
2012-04-03;12,7352;20,27;22,549999;6,20745
2012-04-04;12,5913;20,120001;21,76;5,99759
2012-04-05;12,5133;20,120001;22;5,90923
2012-04-09;12,5014;20;21,59;5,84296
2012-04-10;12,6412;20,75;21,190001;5,71594
2012-04-11;12,9231;20,905001;21,35;5,67728
2012-04-12;12,991;21,775;22,01;5,90923
2012-04-13;13,041;21;21,67;5,69385
2012-04-16;13,039;21,5;21,51;5,6828
2012-04-17;13,1909;22,1;21,58;5,6828
2012-04-18;13,6246;21,85;21,76;5,6331
2012-04-19;13,5886;21,844999;21,450001;5,6828
2012-04-20;13,7865;22;21,459999;5,79878
2012-04-23;13,5906;21,77;21,280001;5,71041
2012-04-24;13,5106;21,975;21,24;5,65519
2012-04-25;13,6266;22,625;21,129999;5,33487
2012-04-26;13,5986;21,655001;21,24;5,36249
2012-04-27;13,6186;21,865;20,93;5,39044
2012-04-30;13,4806;21,875;21,290001;5,51212
2012-05-02;13,3366;21,924999;21,290001;5,51212
2012-05-03;13,4346;22,290001;21,4;5,37827
2012-05-04;12,9987;21,285;20,48;5,30527
2012-05-07;13,3066;21,459999;20,58;5,3296
2012-05-08;13,3166;21,4;20,26;5,35394
2012-05-09;13,1067;21,379999;20,16;5,26268
2012-05-10;12,9907;21,295;19,92;5,25659
2012-05-11;12,9387;21,5;19,530001;5,34785
2012-05-14;12,8367;20,809999;18,9;5,15317
2012-05-15;12,8247;20,25;18,49;5,15925
2012-05-16;12,8267;20,25;19,290001;5,15925
2012-05-17;12,7987;20,15;18,43;4,87938
2012-05-18;12,7467;20,610001;19,07;4,97064
2012-05-21;12,7067;20,610001;;4,97064
2012-05-22;12,7787;21;19,709999;5,18359
2012-05-23;12,4227;20,5;19,23;5,15925
2012-05-24;12,3187;20,35;18,700001;5,08624
2012-05-25;12,2887;20,9;18,639999;5,15925
2012-05-28;12,3787;20,695;18,790001;5,17142
2012-05-29;12,3007;20,9;18,85;5,12275
2012-05-30;12,3987;21,205;18,35;5,04974
2012-05-31;12,5167;21,65;19,129999;5,36002
2012-06-01;11,9528;21,625;18,799999;5,141
2012-06-04;11,8748;21,575001;19,110001;5,08624
2012-06-05;11,7588;21,434999;18,799999;5,00715
2012-06-06;12,1788;21,455;19,09;5,25659
2012-06-08;12,0968;21,75;18,879999;5,22617
2012-06-11;11,8888;22;18,389999;5,25051
2012-06-12;12,0408;22,725;18,6;5,36002
2012-06-13;11,9788;22,195;18,9;5,39044
2012-06-14;12,0168;22,15;18,17;5,39653
2012-06-15;12,0708;22,450001;18,549999;5,46953
2012-06-18;12,4107;22,450001;;5,46953
2012-06-19;12,7747;23,174999;19,65;5,56079
2012-06-20;12,7987;23,25;19,9;5,46953
2012-06-21;12,5787;23,25;19,27;5,23226
2012-06-22;12,3687;23,575001;19,549999;5,141
2012-06-25;12,3987;23,6;17,799999;4,92197
2012-06-26;12,4327;23,450001;18;4,94022
2012-06-27;12,2388;23,540001;17,639999;4,9889
2012-06-28;12,3487;23,9;17,700001;4,92806
2012-06-29;12,6307;23,5;18,25;5,17142
2012-07-02;12,3387;23;18,360001;5,1775
2012-07-03;12,5587;23,275;18,99;5,30527
2012-07-04;12,7147;23,25;18,950001;5,34177
2012-07-05;12,5987;23,129999;19,6;5,39653
2012-07-06;12,4487;23,110001;19,200001;5,34785
2012-07-10;12,2288;23;18,389999;5,0619
2012-07-11;12,2688;22,99;18,540001;5,09232
2012-07-12;12,1308;23,049999;18,58;5,14708
2012-07-13;12,1768;22,674999;19,549999;5,2931
2012-07-16;12,1188;22,674999;;5,2931
2012-07-17;12,1088;23,75;19,25;5,19575
2012-07-18;12,1988;23,75;19,33;5,34785
2012-07-19;12,2168;24,245001;19,620001;5,45737
2012-07-20;12,1468;23,92;19,18;5,40261
2012-07-23;12,1988;24,275;18,959999;5,25051
2012-07-24;12,0448;24,165001;18,790001;5,45737
2012-07-25;12,0588;24,6;19;5,47562
2012-07-26;12,4287;25,85;19,26;5,64597
2012-07-27;12,8567;25,65;20,17;5,9015
2012-07-30;12,9787;26,379999;20,309999;6,02318
2012-07-31;12,8587;26,879999;19,5;5,84674
2012-08-01;12,8547;26,049999;19,82;5,82241
2012-08-02;12,5707;26,15;19,6;5,70681
2012-08-03;12,6647;26,334999;19,940001;5,92584
2012-08-06;12,8587;26,695;19,92;6,02926
2012-08-07;12,7047;26,09;20,25;6,02926
2012-08-08;12,6987;26,35;21,18;6,02926
2012-08-09;12,6547;26;21;6,13269
2012-08-10;12,5107;26,225;21;6,13269
2012-08-13;12,5367;26,299999;21,030001;6,15703
2012-08-14;12,6307;25,9;20,84;6,07794
2012-08-15;12,5747;26;21,049999;6,12661
2012-08-16;12,5967;26,049999;21,459999;6,21787
2012-08-17;12,3807;25,815001;21,549999;6,23004
2012-08-20;12,3927;25,815001;;6,2057
2012-08-21;12,0808;25,115;21,24;6,14486
2012-08-22;12,3367;25,834999;21,49;6,13878
2012-08-23;12,4007;25,68;21,209999;6,09619
2012-08-24;12,4587;26,235001;21,23;6,0901
2012-08-27;12,4187;26,450001;21,370001;6,00493
2012-08-28;12,3187;26,6;21,42;5,99276
2012-08-29;12,3507;26,75;21,209999;5,85283
2012-08-30;12,2788;25,549999;21,040001;5,82849
2012-08-31;12,7527;25,450001;20,76;5,68856
2012-09-03;12,7347;24,879999;20,639999;5,73115
2012-09-04;12,5927;24,684999;20,43;5,62772
2012-09-05;12,5947;25,344999;20,59;5,66422
2012-09-06;12,7867;26,200001;21;5,83458
2012-09-10;12,7867;26,5;21,23;7,95041
2012-09-11;12,6267;26,6;21,709999;8,03306
2012-09-12;12,4987;27,450001;21,99;8,2314
2012-09-13;12,7907;26,549999;22,9;6,19353
2012-09-14;12,7287;26,299999;23,299999;8,50413
2012-09-17;12,7287;26,93;23,27;6,15703
2012-09-18;12,5187;26,924999;23,200001;6,03535
2012-09-19;12,4647;27,23;22,67;6,0171
2012-09-20;12,6187;27,495001;23,01;5,97451
2012-09-21;12,7007;27,6;22,700001;6,02926
2012-09-24;12,8587;27,76;22,959999;6,01101
2012-09-25;12,7907;27,174999;22,67;5,64597
2012-09-26;12,7687;27,805;22,77;5,71898
2012-09-27;12,7787;27,715;22,709999;5,62163
2012-09-28;12,7507;27,625;22,370001;5,49387
2012-10-01;12,9807;27,625;22,51;5,56688
2012-10-02;13,2866;28,299999;22,700001;5,55471
2012-10-03;13,1966;27,705;22,34;5,46345
2012-10-04;13,3566;27,745001;22,4;5,4817
2012-10-05;13,4506;27,84;22,25;5,53037
2012-10-08;13,8006;28,325001;22,370001;5,54254
2012-10-09;13,3746;28,299999;22,219999;5,40869
2012-10-10;13,4386;27,870001;22,120001;5,28093
2012-10-11;13,4826;27,684999;22,5;5,36611
2012-10-15;13,7906;27,5;22,799999;5,40261
2012-10-16;13,7966;27,105;22,799999;5,42086
2012-10-17;13,8686;27,299999;22,65;5,39653
2012-10-18;14,0646;27,25;22,5;5,41478
2012-10-19;13,8146;27,625;22,25;5,38436
2012-10-22;13,7866;27,620001;22,25;5,32352
2012-10-23;13,6786;27,48;21,67;5,15317
2012-10-24;13,5946;27,41;21,540001;5,39044
2012-10-25;13,6406;27,1;21,75;5,46345
2012-10-26;13,7006;27,025;22,25;5,39044
2012-10-29;13,8726;27,1;21,35;5,40261
2012-10-30;13,7586;26,969999;21,530001;5,45737
2012-10-31;13,6586;27,075001;20,799999;5,41478
2012-11-01;13,7966;27,5;20,85;5,65814
2012-11-05;13,8486;27,75;21,24;5,6338
2012-11-06;13,8366;27,625;21,68;5,68856
2012-11-07;13,8146;27,33;21,18;5,54863
2012-11-08;13,7086;27,690001;20,610001;5,43303
2012-11-09;13,4326;27,645;20,780001;5,41478
2012-11-12;13,4826;27,495001;20,440001;5,43303
2012-11-13;13,6186;27,495001;20,469999;5,54254
2012-11-14;13,6366;27,809999;19,799999;5,43911
2012-11-16;14,5385;28,225;19,030001;5,45128
2012-11-19;14,7805;28,045;19,129999;5,65205
2012-11-21;14,9985;28,145;18,620001;5,71898
2012-11-22;14,9725;28,01;18,65;5,77982
2012-11-23;15,1185;27,700001;19,17;5,84674
2012-11-26;15,0885;27,799999;18,82;5,69464
2012-11-27;15,0445;27,700001;18,51;5,6338
2012-11-28;14,9925;28,15;18,65;5,67639
2012-11-29;14,7965;28,075001;19,15;5,79199
2012-11-30;15,5384;28,280001;18,66;5,84674
2012-12-03;15,8684;28,405001;19;5,98059
2012-12-04;15,5184;28,445;18,82;5,9015
2012-12-05;15,5984;28,094999;18,940001;5,938
2012-12-06;15,5944;28,6;18,700001;5,85891
2012-12-07;15,3184;28,65;19,08;5,9015
2012-12-10;17,0483;28,91;19,57;5,9015
2012-12-11;17,3162;29,125;19,99;5,938
2012-12-12;17,3582;29,055;19,85;5,9015
2012-12-13;17,4182;29,049999;19,57;5,89542
2012-12-14;17,218201;28,625;20,209999;5,87108
2012-12-17;17,196301;28,905001;19,92;5,83458
2012-12-18;17,318199;28,65;20,17;5,87108
2012-12-19;17,4382;28,575001;20,93;6,06577
2012-12-20;16,9263;28,5;21,049999;6,04752
2012-12-21;16,994301;28,120001;20,690001;6,01101
2012-12-26;16,768299;28,375;20,059999;5,96234
2012-12-27;16,778299;28,99;19,41;5,87108
2012-12-28;16,7383;29,32;19,52;5,89542
2013-01-02;16,806299;29,625;19,690001;6,10227
2013-01-03;17,1043;29,700001;20,4;6,29696
2013-01-04;16,8223;29,945;20,43;6,26654
2013-01-07;17,0163;28,945;20,08;6,18745
2013-01-08;16,9963;27,6;19,5;6,23004
2013-01-09;17,2582;27,5;19,68;6,29696
2013-01-10;17,2222;28,575001;19,83;6,2422
2013-01-11;17,018299;28,4;19,879999;6,26046
2013-01-14;17,098301;28,045;19,719999;6,30913
2013-01-15;17,1523;27,575001;19,82;6,26046
2013-01-16;17,5762;28,200001;19,84;6,29696
2013-01-17;17,748199;27,995001;19,709999;6,40039
2013-01-18;17,9382;27,799999;19,58;6,41864
2013-01-21;17,898199;28,25;19,389999;6,40647
2013-01-22;17,898199;28,01;19,58;6,40647
2013-01-23;17,998199;27,735001;19,549999;6,41256
2013-01-24;18,2241;27,575001;19,610001;6,38214
2013-01-28;17,6982;26,35;19,370001;6,2057
2013-01-29;17,912201;26,5;19,110001;6,19962
2013-01-30;18,0982;26,6;18,200001;6,10836
2013-01-31;18,0042;26,85;18,08;6,13269
2013-02-01;17,908199;26,969999;18,459999;6,11444
2013-02-04;18,1341;26,6;18;5,96234
2013-02-05;18,0243;26,09;18,08;6,09619
2013-02-06;18,014299;25,945;17,6;5,98668
2013-02-07;17,7784;26,65;17,5;5,95017
2013-02-08;18,1583;26,76;17,74;6,0536
2013-02-13;18,028299;26,805;17,799999;6,02318
2013-02-14;17,998301;26,865;17,67;5,99276
2013-02-15;17,8724;26,125;17,629999;6,27262
2013-02-18;17,9044;26,275;17,9;6,33955
2013-02-19;17,9783;26,209999;18,1;6,2422
2013-02-20;18,098301;26,299999;17,620001;6,13878
2013-02-21;17,736401;26,115;17,32;6,08402
2013-02-22;17,9963;26,165001;17,15;6,27871
2013-02-25;17,3724;26,15;16,950001;6,29088
2013-02-26;17,538401;26,27;16,74;6,1692
2013-02-27;16,9564;26,1;16,809999;6,19353
2013-02-28;17,4564;25,549999;16,610001;6,28479
2013-03-01;17,4984;26,094999;16,9;6,30304
2013-03-04;17,360399;26,225;16,5;6,27871
2013-03-05;17,3304;25,66;16,559999;6,23004
2013-03-06;17,798401;26,15;18,049999;6,35172
2013-03-07;17,5284;25,325001;18,950001;6,40039
2013-03-08;17,5984;25,275;18,370001;6,58899
2013-03-11;17,5084;25,4;18,93;6,54641
2013-03-12;17,2684;25,870001;18,74;6,44906
2013-03-13;17,104401;25,309999;18,75;6,44298
2013-03-14;17,2384;24,889999;19,290001;6,32738
2013-03-15;16,8384;24,25;19,09;6,30913
2013-03-18;17,066401;24,290001;19,200001;6,40647
2013-03-19;16,7745;24,695;19,1;6,35172
2013-03-20;16,8985;25,1;18,85;6,40039
2013-03-21;16,8004;24,549999;18,530001;6,32738
2013-03-22;16,6985;24,695;18,629999;6,25437
2013-03-25;16,3025;23,65;18,59;6,2057
2013-03-26;16,3505;23,965;18,59;6,25437
2013-03-27;16,3825;23,9;18,42;6,27871
2013-03-28;16,3825;23,9;;
2013-04-01;16,5285;24,075001;18,030001;6,30304
2013-04-02;16,4065;23,700001;17,700001;6,19353
2013-04-03;15,9605;24,25;18;6,19353
2013-04-04;16,060499;23,745001;17,709999;6,03535
2013-04-05;16,0765;24,25;17,799999;6,04752
2013-04-08;16,0105;24,6;17,370001;6,04143
2013-04-09;16,068501;24,375;18,15;6,18745
2013-04-10;16,126499;24,639999;18,42;6,27871
2013-04-11;15,8365;24,33;17,99;6,31521
2013-04-12;15,6586;24,275;17,959999;6,2057
2013-04-15;15,2166;23,59;17,23;6,07794
2013-04-16;15,5466;24,049999;17,700001;6,2057
2013-04-17;15,5406;24,275;17,17;6,04752
2013-04-18;15,6186;24,875;17,82;5,84674
2013-04-19;15,7685;24,940001;18,389999;5,99276
2013-04-22;15,7086;24,4;18,790001;5,95626
2013-04-23;16,0305;24,610001;19,120001;5,99276
2013-04-24;15,6246;24,5;19,440001;6,0171
2013-04-25;15,5386;23,795;19,17;6,04752
2013-04-26;;;;
2013-04-29;15,3786;24,545;20,42;5,85283
2013-04-30;16,3585;25,33;20,09;6,05968
2013-05-02;15,9905;25,125;20,25;5,99641
2013-05-03;16,3585;25;19,969999;6,08341
2013-05-06;16,320499;24,575001;20,33;6,07003
2013-05-07;16,3585;25,200001;20,620001;6,17041
2013-05-08;16,3085;25,125;20,290001;6,291
2013-05-09;16,8064;24,700001;20,299999;6,27078
2013-05-10;16,8465;25,129999;19,959999;6,19661
2013-05-13;16,944401;25,424999;19,49;6,08872
2013-05-14;17,218399;25,025;19,549999;6,10221
2013-05-15;17,298401;25,75;19,57;6,21009
2013-05-16;17,1224;26,51;19,75;6,16289
2013-05-17;17,304399;26,305;19,889999;6,23706
2013-05-20;17,1784;26,525;20,200001;6,28426
2013-05-21;17,096399;26,545;20,25;6,39215
2013-05-22;16,9564;27;19,92;6,50677
2013-05-23;16,8645;26,549999;19,860001;6,41912
2013-05-24;16,768499;26,58;20,09;6,40563
2013-05-27;16,752501;26,940001;19,93;6,3854
2013-05-28;16,978399;26,424999;20,040001;6,44609
2013-05-29;16,6245;25,799999;19,85;6,27078
2013-05-31;16,408501;25,360001;20,059999;6,3382
2013-06-03;16,0345;24,995001;20,290001;6,27078
2013-06-04;15,9085;24,905001;20,07;6,25729
2013-06-05;15,7106;25;19,42;6,06175
2013-06-06;15,8026;24,99;19,459999;6,14266
2013-06-07;15,5986;24,965;18,84;6,05501
2013-06-10;15,6146;25,235001;18,879999;6,07524
2013-06-11;15,2286;25;18,530001;5,89318
2013-06-12;15,2406;24,879999;18,120001;5,89318
2013-06-13;15,1366;25,049999;18,799999;5,93364
2013-06-14;15,3386;24,950001;18,35;5,77181
2013-06-17;15,6086;24,684999;18,09;5,79204
2013-06-18;15,5286;24,504999;17,83;5,75833
2013-06-19;15,4386;24,129999;17,200001;5,65044
2013-06-20;15,2486;23,5;16,889999;5,6437
2013-06-21;15,5606;23,875;16,41;5,61673
2013-06-24;15,2006;23,115;15,91;5,38747
2013-06-25;15,2366;24,094999;16,1;5,4077
2013-06-26;15,6386;23,68;16,15;5,4077
2013-06-27;15,8585;23,725;16,379999;5,5021
2013-06-28;16,574499;23,99;16,17;5,53581
2013-07-01;16,5525;23,924999;16,120001;5,56953
2013-07-02;16,238501;23,4;15,39;5,29982
2013-07-03;16,068501;23,4;15,9;5,23239
2013-07-04;16,0385;23,125;15,96;5,29307
2013-07-05;16,2945;23,445;15,15;5,22565
2013-07-08;16,220501;23,495001;15;5,2189
2013-07-10;16,3585;24,1;15,25;5,27285
2013-07-11;16,384501;23,48;15,76;5,3605
2013-07-12;16,3925;23,25;15,43;5,32679
2013-07-15;16,6005;23,395;15,5;5,41444
2013-07-16;16,3605;23,209999;15,75;5,46839
2013-07-17;16,2225;22,674999;16,059999;5,5493
2013-07-18;16,0385;22,25;16,1;5,5493
2013-07-19;16,0145;22,09;15,98;5,52907
2013-07-22;16,238501;22,65;16,299999;5,63696
2013-07-23;16,356501;22,665001;16,41;5,73135
2013-07-24;16,1985;22,15;16,389999;5,66393
2013-07-25;16,206499;22,950001;16,84;5,66393
2013-07-26;;;;
2013-07-29;16,224501;22,955;16,68;5,66393
2013-07-30;16,4125;22,85;16,459999;5,67741
2013-07-31;17,1964;22,549999;16,290001;5,6437
2013-08-01;17,5784;21,879999;16,940001;5,82575
2013-08-02;17,4004;21,445;16,809999;5,8325
2013-08-05;17,2784;21,184999;16,65;5,75833
2013-08-06;17,118401;20,77;16,280001;5,58976
2013-08-07;17,030399;20,85;16,25;5,53581
2013-08-08;17,1984;21,030001;16,65;5,67067
2013-08-09;17,034401;21,25;17,08;5,69764
2013-08-12;16,930401;21,77;16,6;5,82575
2013-08-13;17,236401;22,459999;16,370001;5,87969
2013-08-14;17,138399;22,469999;16,950001;5,7853
2013-08-15;17,3284;22,375;17,83;5,76507
2013-08-16;17,4384;22,75;17,780001;5,66393
2013-08-19;17,368401;21,549999;17,83;5,5965
2013-08-20;16,598499;21,094999;17,129999;5,5493
2013-08-21;16,4685;21,49;17,34;5,52907
2013-08-22;16,598499;22,200001;18,26;5,52907
2013-08-23;16,452499;22,174999;18,549999;5,71787
2013-08-26;16,234501;21,825001;18,190001;5,55604
2013-08-27;16,1985;21,549999;17,450001;5,46164
2013-08-28;16,068501;21,67;17,16;5,47513
2013-08-29;16,5485;22,225;16,9;5,51559
2013-08-30;16,6985;22,495001;16,99;5,6437
2013-09-02;16,6985;23,1;16,9;5,68415
2013-09-03;16,238501;23,025;16,780001;5,56953
2013-09-04;16,238501;23,745001;16,85;5,58301
2013-09-05;16,3985;23,575001;17,540001;5,65718
2013-09-06;16,3265;23,58;17,76;5,76507
2013-09-09;16,546499;24,825001;18,17;5,87969
2013-09-10;16,8484;24,1;18,34;5,89992
2013-09-11;17,016399;23,615;18,25;5,89318
2013-09-12;16,8885;23,665001;17,85;5,87969
2013-09-13;16,8965;24,25;18,129999;5,89992
2013-09-16;16,964399;24;18,450001;5,90667
2013-09-17;16,9944;24,4;18,530001;6,02129
2013-09-18;17,090401;25,205;18,9;6,18986
2013-09-19;17,4224;25;19,16;6,16963
2013-09-20;17,340401;25,264999;18,940001;5,98084
2013-09-23;17,312401;24,700001;19,15;6,09546
2013-09-24;17,242399;24,745001;18,77;6,07524
2013-09-25;17,218399;24,75;18,799999;6,07524
2013-09-26;17,5504;24,875;18,59;6,05501
2013-09-27;17,5084;25,08;18,48;6,20335
2013-09-30;16,934401;24,75;18,360001;6,06849
2013-10-01;17,062401;25,25;18,66;6,12918
2013-10-02;16,9624;24,73;18,780001;6,08198
2013-10-03;16,9224;24,084999;18,540001;6,06175
2013-10-04;17,096399;23,754999;18,67;6,06849
2013-10-07;16,958401;24;18,620001;6,08872
2013-10-08;16,7185;24;18,309999;6,06849
2013-10-09;16,6905;24;18,07;6,12243
2013-10-10;16,8685;24,405001;18,15;6,18312
2013-10-11;16,9384;24,43;18,1;6,12918
2013-10-14;17,0564;24,5;18,27;6,14941
2013-10-15;17,086399;24,285;18,42;6,18986
2013-10-16;16,9384;24,34;18,35;6,22358
2013-10-17;17,1964;24,33;18,209999;6,25729
2013-10-18;17,2784;24,424999;17,940001;6,35843
2013-10-21;17,252399;24,450001;18,879999;6,27078
2013-10-22;17,3584;24;18,549999;6,30449
2013-10-23;16,8985;23,6;18,33;6,20335
2013-10-24;16,9984;22,700001;18,24;6,18986
2013-10-25;17,100401;22,57;18,49;6,16289
2013-10-28;17,124399;23,049999;19,889999;6,25729
2013-10-29;16,978399;22,440001;19,700001;6,49329
2013-10-30;16,8244;22,549999;19,950001;6,4798
2013-10-31;16,688499;22,4;20,290001;6,50677
2013-11-01;16,8785;22,1;19,860001;6,43934
2013-11-04;16,6985;21,75;20,219999;6,45283
2013-11-05;16,4785;21,834999;20,25;6,40563
2013-11-06;16,758499;21,309999;20,41;6,3382
2013-11-07;16,9904;20,924999;20;6,2438
2013-11-08;17,2484;20,975;19,639999;6,09546
2013-11-11;17,2484;21,120001;20,09;6,12243
2013-11-12;17,058399;20,58;19,549999;6,12243
2013-11-13;17,0284;20,545;19,940001;6,22358
2013-11-14;17,468399;21,25;20,450001;6,36517
2013-11-18;17,648399;21,385;21,440001;6,45957
2013-11-19;17,368401;20,969999;21,110001;6,291
2013-11-21;17,2684;20,915001;20,9;6,21683
2013-11-22;17,458401;21;20,67;6,12918
2013-11-25;17,388399;21,174999;20,360001;6,02804
2013-11-26;17,5984;21,004999;19,08;6,07524
2013-11-27;17,568399;21,4;18,969999;6,2438
2013-11-28;17,458401;21,450001;18,66;6,20335
2013-11-29;17,558399;21,6;19,120001;6,25729
2013-12-02;17,5084;21,5;17,360001;6,13592
2013-12-03;17,1584;21,1;17,51;6,00106
2013-12-04;16,658501;21,025;17,459999;5,95387
2013-12-05;16,8484;21;17,629999;5,91341
2013-12-06;16,738501;20,9;17,23;6,00106
2013-12-09;16,9984;20,975;17,450001;6,07524
2013-12-10;16,7985;20,754999;17,299999;6,03478
2013-12-11;16,8685;20,725;16,780001;5,92689
2013-12-12;16,598499;20,049999;16,860001;5,95387
2013-12-13;16,268499;19,924999;17,219999;5,93364
2013-12-16;16,508499;19,790001;17,34;5,97409
2013-12-17;16,498501;19,950001;16,799999;5,97409
2013-12-18;16,6985;19,924999;16,84;6,02804
2013-12-19;17,0284;20,305;17,25;6,12918
2013-12-20;16,9484;20,4;16,91;6,00781
2013-12-23;17,068399;20,49;17,059999;6,00106
2013-12-26;16,9384;20,57;16,92;5,98758
2013-12-27;17,0984;20,690001;16,93;6,00106
2013-12-30;17,318399;20,684999;17,08;6,00106
2014-01-02;17,388399;20,135;16,75;5,92015
2014-01-03;17,0184;20,405001;16,5;5,94038
2014-01-06;16,7985;19,98;16,620001;5,98084
2014-01-07;17,3284;19,65;16,16;5,96061
2014-01-08;17,4984;19,389999;16,190001;5,99432
2014-01-09;17,0884;19,065001;15,7;5,84598
2014-01-10;17,1984;19,15;15,97;5,81901
2014-01-13;17,038401;19,355;15,77;5,81227
2014-01-14;16,9884;19,125;15,7;5,85272
2014-01-15;16,9984;19,299999;16,040001;5,81227
2014-01-16;16,7785;18,809999;15,59;5,76507
2014-01-17;16,6385;18,700001;15,51;5,71113
2014-01-20;16,6985;18,895;15,18;5,68415
2014-01-21;16,8985;19,129999;15,34;5,72461
2014-01-22;17,138399;19,65;15,84;5,70438
2014-01-23;16,5485;19,58;15,47;5,56953
2014-01-24;16,428499;19,26;15,1;5,52907
2014-01-27;16,0385;19,315001;15,11;5,6437
2014-01-28;16,098499;19,325001;15,05;5,65044
2014-01-29;16,0485;18,690001;14,8;5,58301
2014-01-30;15,8685;19,26;14,7;5,58976
2014-01-31;16,088499;19,635;14,7;5,67741
2014-02-03;15,4986;19,549999;13,85;5,54256
2014-02-04;15,5686;19,475;14,09;5,86621
2014-02-05;15,4386;18,934999;13,83;5,8325
2014-02-06;16,168501;19,5;14,21;5,92015
2014-02-07;16,3885;19,950001;14,45;5,93364
2014-02-10;16,1385;19,424999;14,61;5,90667
2014-02-11;16,598499;19,385;14,96;5,92015
2014-02-12;16,1485;19,17;14,96;5,85272
2014-02-13;16,328501;18,385;14,61;5,77181
2014-02-14;16,678499;18,780001;14,58;5,82575
2014-02-17;16,5585;18,1;14,43;5,79878
2014-02-18;16,1485;17,764999;14,11;5,71113
2014-02-19;16,338499;17,25;14,2;5,72031
2014-02-20;16,5285;17,450001;14,16;5,70677
2014-02-21;16,578501;17,16;14,15;5,74739
2014-02-24;16,598499;17,15;14,5;5,78124
2014-02-25;16,598499;17,275;14,18;5,7
2014-02-26;16,6985;17,325001;13,7;5,61877
2014-02-27;16,8885;17,530001;14,04;5,75416
2014-02-28;16,8785;17,254999;13,59;5,73385
2014-03-05;16,7985;17,645;13,29;5,61877
2014-03-06;16,8685;17,85;13,43;5,74062
2014-03-07;16,758499;17,825001;13,32;5,61877
2014-03-10;16,688499;17,924999;13,01;5,58492
2014-03-11;16,6985;17,924999;13,11;5,64585
2014-03-12;16,7185;17,75;13,32;5,60523
2014-03-13;16,588499;17,52;13,03;5,5443
2014-03-14;16,3585;17,68;12,78;5,42245
2014-03-17;16,668501;17,799999;12,57;5,48338
2014-03-18;16,7885;18,455;12,97;5,57138
2014-03-19;16,768499;17,684999;13,34;5,59169
2014-03-20;16,758499;18;13,99;5,77447
2014-03-21;16,658501;18,200001;14,02;5,74739
2014-03-24;16,8284;18,059999;14,42;5,96402
2014-03-25;16,738501;18,49;14,48;5,99786
2014-03-26;16,6485;18,135;14,4;5,99109
2014-03-27;17,048401;18,434999;15,57;6,18064
2014-03-28;16,9484;18,764999;15,66;6,14003
2014-03-31;16,9484;19,059999;15,78;6,26188
2014-04-01;17,0984;18,41;15,81;6,34311
2014-04-02;17,1684;18,815001;15,56;6,55297
2014-04-03;17,1784;18,799999;15,4;6,53266
2014-04-04;16,8985;19,035;15,44;6,45143
2014-04-07;16,8985;19,9;16,459999;6,55297
2014-04-08;16,818501;20,555;15,99;6,42435
2014-04-09;16,7985;20,5;15,85;6,32281
2014-04-10;16,978399;20,629999;15,68;6,3905
2014-04-11;17,398399;20,58;16,190001;6,51235
2014-04-14;17,368401;20,389999;15,93;6,44466
2014-04-15;17,3384;20,049999;15,32;6,28896
2014-04-16;17,4884;20,35;15,78;6,37696
2014-04-17;17,388399;20,355;16,379999;6,52589
2014-04-22;17,8384;20,575001;15,96;6,56651
2014-04-23;17,628401;20,084999;16,040001;6,53943
2014-04-24;17,398399;19,02;16,129999;6,68159
2014-04-25;17,2684;19,209999;16,030001;6,68159
2014-04-28;17,228399;19,315001;16,559999;6,64098
2014-04-29;17,16;19,615;16,690001;6,66129
2014-04-30;16,32;19,15;16,559999;6,62067
2014-05-02;16,09;19,6;17,700001;6,60713
2014-05-05;16,5;19,465;17,57;6,90296
2014-05-06;16,65;19,450001;18,24;6,88062
2014-05-07;16,299999;19,635;18,58;6,90296
2014-05-08;16,299999;20,075001;17,879999;6,79871
2014-05-09;16,530001;20,200001;17,67;6,78382
2014-05-12;16,68;20,209999;18,030001;6,88807
2014-05-13;16,6;20,325001;17,959999;6,84339
2014-05-14;16,700001;20,1;18,290001;6,87317
2014-05-15;16,5;20,15;18,030001;6,82105
2014-05-16;16,51;20,014999;18,01;6,88807
2014-05-19;16,49;19,565001;17,940001;6,82105
2014-05-20;16,299999;19,09;17,299999;6,69446
2014-05-21;16,5;19,25;17,459999;6,53063
2014-05-22;16,719999;19,424999;17,68;6,58276
2014-05-23;16,58;19,395;17,700001;6,53808
2014-05-26;16,65;19,504999;17,860001;6,52319
2014-05-27;16,120001;19,375;17,49;6,47851
2014-05-28;16,15;19,85;17,700001;6,61999
2014-05-29;16,15;19,799999;17,299999;6,51574
2014-05-30;15,86;19,4;16,690001;6,36681
2014-06-02;16,27;19,6;16,549999;6,41893
2014-06-03;16,35;19,77;16,9;6,3817
2014-06-04;16,209999;19,264999;16,6;6,35936
2014-06-05;16,08;19,315001;16,32;6,30724
2014-06-06;16,299999;19,254999;17,68;6,50085
2014-06-09;16,4;19,700001;18,07;6,7019
2014-06-10;16,41;20,15;18,67;6,74658
2014-06-11;16,08;20,309999;18,879999;6,88807
2014-06-13;15,85;20,549999;18,99;6,87317
2014-06-16;15,65;20,125;18,74;6,84339
2014-06-17;15,55;20,15;18,32;6,74658
2014-06-18;15,96;20,275;19;6,83594
2014-06-20;16;20,15;18,700001;6,76148
2014-06-23;15,65;19,754999;18,299999;6,72424
2014-06-24;15,58;19,77;17,639999;6,73169
2014-06-25;15,51;19,709999;17,290001;6,53808
2014-06-26;15,68;19,049999;17,32;6,50829
2014-06-27;15,54;18,85;17,200001;6,47851
2014-06-30;15,76;18,625;17,290001;6,47106
2014-07-01;16,030001;18,65;17,190001;6,48595
2014-07-02;16;18,625;17,120001;6,38915
2014-07-03;16,26;19;17,52;6,44127
2014-07-04;16,32;19,049999;17,5;6,41149
2014-07-07;16,030001;19,01;17,32;6,47106
2014-07-08;16,07;18,83;17,33;6,43383
2014-07-10;15,67;19,174999;18,110001;6,65722
2014-07-11;15,66;19,530001;18,24;6,64978
2014-07-14;15,6;19,58;19,1;6,80615
2014-07-15;15,71;19,41;19,26;6,86573
2014-07-16;16,02;19,4;19,309999;6,7019
2014-07-17;16,200001;19,225;19,559999;6,72424
2014-07-18;16,629999;19,375;20,52;7,01466
2014-07-21;16,799999;19,549999;20,940001;7,04444
2014-07-22;16,67;19,6;21,049999;7,09657
2014-07-23;16,43;19,450001;20,25;7,07423
2014-07-24;16,719999;18,549999;20,309999;7,15614
2014-07-25;16,6;18,525;20,49;7,14125
2014-07-28;16,309999;18,565001;20,15;7,11146
2014-07-29;16,4;18,379999;19,620001;7,11891
2014-07-30;16,4;18,15;19,85;7,11891
2014-07-31;15,67;17,665001;19,1;7,06678
2014-08-01;15,61;18;19;6,99232
2014-08-04;15,63;18,549999;19,549999;7,07423
2014-08-05;15,33;18,1;19,700001;7,16359
2014-08-06;15,46;18,110001;20,309999;7,16359
2014-08-07;15,55;17,85;20,15;7,07423
2014-08-08;15,7;18,049999;19,309999;7,02955
2014-08-11;15,87;18,475;20,139999;7,16359
2014-08-12;15,83;18,885;19,67;7,16359
2014-08-13;15,69;19;18,690001;6,99977
2014-08-14;15,72;18,6;18,6;7,06678
2014-08-15;15,9;19,15;20,059999;7,22316
2014-08-18;16,139999;19,5;20,4;7,32741
2014-08-19;16,299999;20,045;20,91;7,49868
2014-08-20;16,379999;20,530001;21,360001;7,54336
2014-08-21;16,309999;21,32;21,299999;7,57315
2014-08-22;16,25;21,299999;20,92;7,49124
2014-08-25;16,620001;21;22,040001;7,6774
2014-08-26;16,549999;21,025;21,84;7,74442
2014-08-27;16,549999;20,950001;22,84;7,96782
2014-08-28;16,32;20,6;22,84;7,91569
2014-08-29;16,370001;20,549999;23,360001;8,15398
2014-09-01;15,96;19,875;23,83;8,19121
2014-09-02;15,97;20,040001;24,559999;8,34015
2014-09-03;16,23;19,950001;23,950001;8,29547
2014-09-04;16,35;20,02;22,790001;8,1093
2014-09-05;16;20,075001;22,82;8,11675
2014-09-08;15,76;19,6;21,700001;7,92314
2014-09-09;15,7;19,754999;21,48;7,84123
2014-09-10;15,93;19,525;20,950001;7,75931
2014-09-11;15,8;19,51;21,209999;7,75187
2014-09-12;15,47;19,105;20,139999;7,48379
2014-09-15;16,030001;19,235001;20,58;7,62528
2014-09-16;16,23;19,870001;21,549999;7,86357
2014-09-17;15,95;19,85;22,120001;7,87846
2014-09-18;16,18;19,15;21,290001;7,88591
2014-09-19;16,4;19,004999;20,91;7,61783
2014-09-22;16,440001;18,950001;20,59;7,54336
2014-09-23;16,389999;18,82;20,129999;7,44656
2014-09-24;16,5;19,200001;20,23;7,49124
2014-09-25;16,360001;18,754999;19,84;7,27529
2014-09-26;16,41;19,4;20,940001;7,54336
2014-09-29;16,16;18,635;18,6;7,04444
2014-09-30;16,040001;18,49;18,09;6,90296
2014-10-01;15,6;18,1;17,09;6,69446
2014-10-02;15,97;17,934999;17,299999;6,86573
2014-10-03;16,200001;18,299999;18,35;7,01466
2014-10-06;16,620001;18,965;20,389999;7,47634
2014-10-07;16,440001;19,375;21,209999;7,49868
2014-10-08;16,139999;19,379999;20,85;7,40933
2014-10-09;16,1;20;21,200001;7,45401
2014-10-10;15,7;19,605;20,049999;7,16359
2014-10-13;16,07;20,049999;22,129999;7,63272
2014-10-14;16,129999;20,305;21,6;7,73697
2014-10-15;15,77;20,200001;20,15;7,44656
2014-10-16;15,55;19,200001;18,65;7,17848
2014-10-17;16,07;19,25;19,09;7,40933
2014-10-20;15,91;18,66;17,92;7,26039
2014-10-21;15,67;17,995001;16,9;6,8136
2014-10-22;15,53;17,85;16,610001;6,77637
2014-10-23;15,19;17,049999;15,51;6,47851
2014-10-24;15,7;16,799999;16,620001;6,67212
2014-10-27;15,6;16,355;14,52;6,56786
2014-10-28;15,62;16,665001;15,03;6,82105
2014-10-29;15,63;16,540001;14,02;6,61254
2014-10-30;15,71;17,08;14,32;7,11891
2014-10-31;16,4;18;15,28;7,36465
2014-11-03;16,200001;18;14,85;7,32741
2014-11-04;16,35;17,93;14,82;7,46145
2014-11-05;16,35;18,049999;14,4;7,41677
2014-11-06;16,290001;17,924999;14,06;7,14125
2014-11-07;16,440001;18,174999;14,27;7,26039
2014-11-10;16,32;18,094999;13,98;7,26039
2014-11-11;16;17,950001;14;7,22316
2014-11-12;16,370001;17,655001;14,11;7,29763
2014-11-13;16;16,995001;13,6;7,037
2014-11-14;15,82;16,879999;13,2;7,11146
2014-11-17;15,87;16,450001;12,6;7,037
2014-11-18;16,18;16,995001;12,45;7,23806
2014-11-19;16,540001;17,33;12,78;7,52102
2014-11-21;17,129999;18;14,3;7,96037
2014-11-24;16,870001;17,4;14,21;7,80399
2014-11-25;16,83;17,25;14,15;7,95292
2014-11-26;16,639999;17,434999;14,17;7,83378
2014-11-27;16,559999;17,355;13,44;7,77421
2014-11-28;16,76;17,635;12,84;7,81889
2014-12-01;16;16,65;12,32;7,40188
2014-12-02;15,62;16,655001;12,17;7,39443
2014-12-03;15,68;16,6;12,71;7,46145
2014-12-04;15,7;16,625;12,27;7,29763
2014-12-05;15,95;16,75;12,18;7,45401
2014-12-08;15,78;16,200001;11,51;7,17104
2014-12-09;15,66;16;11,42;7,23806
2014-12-10;15,8;15,95;10,88;7,10402
2014-12-11;15,89;15,95;10,63;7,19338
2014-12-12;15,51;15,38;10,19;6,8136
2014-12-15;15,58;15,25;9,06;6,67212
2014-12-16;15,6;15,08;9,37;6,66467
2014-12-17;15,73;15,35;9,47;7,04444
2014-12-18;15,84;15,46;9,57;6,99977
2014-12-19;16,08;15,665;9,83;7,14125
2014-12-22;16,34;15,75;10,37;7,16359
2014-12-23;16,27;15,9;10,91;7,17104
2014-12-26;16,219999;15,7;10,32;7,05934
2014-12-29;16,48;16,25;10,28;7,08168
2014-12-30;16,290001;15,925;10,03;6,99232
2015-01-02;16,02;15,21;9,36;6,82849
2015-01-05;15,73;15,045;8,56;6,85083
2015-01-06;16,33;14,975;8,28;6,90296
2015-01-07;16,559999;15,615;8,67;7,16359
2015-01-08;16,540001;15,5;9,23;7,23806
2015-01-09;16,5;15,215;9,51;6,98487
2015-01-12;16,709999;15,145;8,84;6,86573
2015-01-13;16,709999;15,045;9,09;6,88807
2015-01-14;16,76;14,955;8,91;6,9253
2015-01-15;16,790001;15,21;9,31;6,91041
2015-01-16;16,91;15,5;9,44;7,037
2015-01-19;16,6;15;9,17;6,7168
2015-01-20;16,9;15;9,31;6,85083
2015-01-21;17,09;15,975;9,9;7,12636
2015-01-22;17,280001;16,709999;10,23;7,20082
2015-01-23;17,030001;16,18;9,98;7,1487
2015-01-26;16,99;15,95;9,83;7,14125
2015-01-27;16,959999;15,845;10,14;7,14125
2015-01-28;17,030001;16,24;9,11;6,99232
2015-01-29;17,66;16;8,67;6,94764
2015-01-30;17,690001;15,675;8,3;6,80615
2015-02-02;17,49;15,865;8,79;6,87317
2015-02-03;17,549999;15,83;9,97;7,09657
2015-02-04;17,34;15,44;10,02;7,3572
2015-02-05;17,74;15,675;9,83;7,3572
2015-02-06;17,91;15,235;9,12;7,44656
2015-02-09;18,17;14,995;9,4;7,39443
2015-02-10;18,040001;15;8,91;7,29763
2015-02-11;18,040001;14,5;9,08;7,01593
2015-02-12;18,09;13,5;9,45;7,1055
2015-02-13;18;13,875;10,03;7,3518
2015-02-18;18,200001;14,31;10,04;7,46376
2015-02-19;18,23;14;9,71;7,44883
2015-02-20;18,17;14,15;9,64;7,46376
2015-02-23;18,48;14,23;9,5;7,51601
2015-02-24;18,48;14,275;9,9;7,58318
2015-02-25;18,25;14,3;9,4;7,61304
2015-02-26;18,49;14,32;9,23;7,65782
2015-02-27;18,309999;14,06;9,55;7,53093
2015-03-02;18,1;13,65;9,42;7,4563
2015-03-03;18,43;13,08;9,57;7,47122
2015-03-04;18,309999;12,75;9,27;7,41151
2015-03-05;18,360001;12,625;9,24;7,38166
2015-03-06;18,23;12,7;9,25;7,22492
2015-03-09;18,24;12,72;8,92;7,03833
2015-03-10;17,700001;12,55;8,52;6,86666
2015-03-11;18,139999;12,66;8,74;7,09804
2015-03-12;18,040001;12,7;8,47;7,12789
2015-03-13;18,139999;12,32;8,34;7,07564
2015-03-16;18;12,445;8,39;7,09804
2015-03-17;18,17;12,925;8,86;7,2697
2015-03-18;18,43;12,965;9,2;7,55333
2015-03-19;18,5;12,94;8,92;7,56079
2015-03-20;18,67;13,385;9,22;7,53093
2015-03-23;18,84;13,165;9,33;7,52347
2015-03-24;18,65;13;9,42;7,50854
2015-03-25;18,42;12,935;9,8;7,56079
2015-03-26;18,08;12,815;9,33;7,34434
2015-03-27;18,280001;13,115;9,36;7,20253
2015-03-30;18,65;13,5;9,71;7,42644
2015-03-31;18,48;13,45;9,66;7,44883
2015-04-01;18,950001;13,645;10,26;7,71006
2015-04-02;18,85;14,35;10,69;7,84441
2015-04-06;19,24;14,42;10,71;7,98622
2015-04-07;19,440001;13,98;10,92;7,9713
2015-04-08;19,43;13,985;10,57;7,95637
2015-04-09;19,33;13,815;11,58;7,80709
2015-04-10;19,52;14,07;11,81;7,85934
2015-04-13;19,41;13,825;12,27;7,85188
2015-04-14;19,120001;13,44;12,46;7,81456
2015-04-15;19,139999;13,425;13,34;7,93398
2015-04-16;19,1;13,605;12,98;7,89666
2015-04-17;19,07;13,55;12,95;7,80709
2015-04-20;18,889999;13,23;13,07;7,72499
2015-04-22;18,959999;13,125;13;7,7847
2015-04-23;18,860001;13,15;12,87;7,87427
2015-04-24;18,93;13,515;13,22;8,1355
2015-04-27;18,799999;13,555;12,52;8,06832
2015-04-28;18,9;13,33;12,77;8,01608
2015-04-29;18,85;13,04;12,82;7,97876
2015-04-30;18,950001;14,4;13,06;7,91905
2015-05-04;19,34;14,815;13,79;7,99369
2015-05-05;19,57;16,125;14,43;7,89815
2015-05-06;19,84;16,575001;13,79;7,81605
2015-05-07;19,51;15,625;13,66;7,86531
2015-05-08;19,879999;15,525;13,51;7,97204
2015-05-11;19,73;15,4;13,77;7,99667
2015-05-12;19,440001;15,395;13,73;7,92278
2015-05-13;19,5;15,325;13,98;7,775
2015-05-14;19,4;15,06;13,9;7,84068
2015-05-15;19,67;15,15;14,04;7,92278
2015-05-18;19,280001;15;13,7;7,82426
2015-05-19;19,24;14,65;12,89;7,70111
2015-05-20;18,48;14,65;12,84;7,62722
2015-05-21;18,84;14,745;13,48;7,6108
2015-05-22;18,75;14,62;13,07;7,38912
2015-05-25;18,9;14,575;12,83;7,47122
2015-05-26;18,530001;14,155;12,39;7,34807
2015-05-27;18,5;14,525;12,54;7,5287
2015-05-28;18,48;14,68;12,65;7,48764
2015-05-29;18,530001;14,335;12,33;7,24134
2015-06-01;18,6;14,42;12,36;7,23313
2015-06-02;18,549999;14,86;12,88;7,4548
2015-06-03;18,42;14,85;12,79;7,2906
2015-06-05;18,700001;15;12,57;7,06072
2015-06-08;18,459999;15,375;12,57;7,08535
2015-06-09;18,530001;15,5;13;7,10177
2015-06-10;18,76;15,025;13,08;7,15103
2015-06-11;18,67;14,94;13,1;7,0443
2015-06-12;18,74;14,43;13,02;7,02788
2015-06-15;18,299999;14,2;13,01;7,10177
2015-06-16;18,73;13,835;13,38;7,33986
2015-06-17;18,66;14,2;13,14;7,22492
2015-06-18;18,67;14,05;13,45;7,44659
2015-06-19;18,870001;14,125;13,15;7,32344
2015-06-22;18,950001;14,4;13,17;7,36449
2015-06-23;18,91;14,05;12,97;7,36449
2015-06-24;18,9;13,92;13,22;7,34807
2015-06-25;18,92;13,445;12,6;7,22492
2015-06-26;19,139999;13,51;13,21;7,38091
2015-06-29;18,959999;13,7;12,85;7,2906
2015-06-30;18,99;13,77;12,69;7,31523
2015-07-01;19,129999;13,995;12,16;7,29881
2015-07-02;19,040001;13,965;12,35;7,42196
2015-07-03;19,15;13,94;11,76;7,29881
2015-07-06;19,219999;13,66;11,51;7,23313
2015-07-07;19,309999;13,915;11,77;7,19208
2015-07-08;19,1;13,6;11,46;7,19208
2015-07-10;19,43;14,09;11,81;7,3727
2015-07-13;19,540001;14;11,79;7,38091
2015-07-14;19,65;13,935;11,99;7,38091
2015-07-15;19,75;14,345;11,78;7,33165
2015-07-16;19,73;13,795;11,99;7,33165
2015-07-17;19,700001;13,55;11,41;7,22492
2015-07-20;19,74;13,5;10,79;7,24134
2015-07-21;19,620001;13,285;10,73;7,23313
2015-07-22;19,530001;13,22;10,36;7,1264
2015-07-23;19,190001;13,075;10,12;6,75694
2015-07-24;18,959999;12,9;10,03;6,56811
2015-07-27;18,68;12,755;9,5;6,56811
2015-07-28;18,790001;12,79;10,02;6,63379
2015-07-29;18,610001;13,025;10,7;6,77336
2015-07-30;18,889999;12,7;10,42;6,68305
2015-07-31;19,469999;12,73;10,49;6,89651
2015-08-03;19,6;12,49;10,03;6,92114
2015-08-04;19,73;12,325;10,16;6,73231
2015-08-05;19,950001;12,425;10,01;6,70768
2015-08-06;19,879999;12,12;10,34;6,56811
2015-08-07;19,379999;11,725;9,69;6,36286
2015-08-10;19,540001;11,85;9,99;6,44496
2015-08-11;19,73;11,625;9,98;6,36286
2015-08-12;18,9;11,41;9,82;6,33823
2015-08-13;18,66;11,15;9,5;6,22328
2015-08-14;18,559999;11,11;9,3;6,20686
2015-08-17;18,59;11,2;9,15;6,16581
2015-08-18;18,68;11,435;8,99;6,11655
2015-08-19;18,120001;11,16;8,74;6,02624
2015-08-20;18,48;11,175;8,69;6,00982
2015-08-21;18,059999;11,235;8,3;5,96056
2015-08-24;18,08;11,48;7,89;5,83741
2015-08-25;18,309999;11,29;7,85;5,84562
2015-08-26;18,860001;11,5;8,13;6,19044
2015-08-27;19,059999;11,9;8,92;6,37928
2015-08-28;19,24;11,49;9,02;6,17402
2015-08-31;19,09;11,845;9,19;5,97698
2015-09-01;18,709999;11,085;8,59;5,91951
2015-09-02;19,139999;11,41;8,82;5,96056
2015-09-03;19,629999;11,25;8,76;6,14118
2015-09-04;19,85;10,75;8,51;5,9934
2015-09-08;19,610001;10,645;8,64;6,02624
2015-09-09;19,209999;10,51;8,39;6,09192
2015-09-10;19,17;10,375;7,97;5,9113
2015-09-11;18,860001;10,375;7,66;6,0755
2015-09-14;18,860001;10,5;7,72;6,37107
2015-09-15;19,059999;10,2;7,65;6,33002
2015-09-16;19,450001;10,395;8,14;6,46138
2015-09-17;19,49;10,625;7,86;6,4778
2015-09-18;19,469999;10,365;7,6;6,19865
2015-09-21;19,33;9,985;7,3;6,04266
2015-09-22;19,4;9,815;6,97;6,11655
2015-09-23;19,17;9,745;6,82;5,9113
2015-09-24;19,120001;9,585;6,96;5,87025
2015-09-25;19,299999;9,51;6,82;5,7471
2015-09-28;19,280001;9,395;6,44;5,76352
2015-09-29;19,360001;9,45;6,59;5,76352
2015-09-30;19,42;9,75;7,24;5,86204
2015-10-01;19,700001;9,775;7,02;5,92772
2015-10-02;20,059999;10;7,77;6,09192
2015-10-05;20,35;10,335;7,82;6,23149
2015-10-06;19,889999;10,525;8,19;6,3218
2015-10-07;20;11,09;8,47;6,51885
2015-10-08;19,68;11,325;8,75;6,54348
2015-10-09;19,790001;11,725;8,8;6,59274
2015-10-13;18,700001;11,105;8,13;6,33823
2015-10-14;18,4;11,3;7,96;6,19044
2015-10-15;19,110001;11,49;8;6,16581
2015-10-16;19,290001;11,305;7,95;6,05908
2015-10-19;19,469999;11,475;7,95;6,17402
2015-10-20;19,58;11,4;8,05;6,09192
2015-10-21;19,700001;11,475;7,75;6,08371
2015-10-22;19,66;11,1;8,02;6,17402
2015-10-23;19,77;11,02;7,99;6,13297
2015-10-26;19,68;11,375;7,85;6,04266
2015-10-27;19,809999;11,505;7,6;5,9934
2015-10-28;19,639999;11,64;7,95;5,95235
2015-10-29;19;11,225;7,61;5,86204
2015-10-30;19,09;11,45;7,71;5,9113
2015-11-03;19,6;12,61;8,48;6,16581
2015-11-04;19,6;12,835;8,08;6,20686
2015-11-05;19,459999;12,49;8,11;6,30538
2015-11-06;18,969999;11,99;7,82;6,1576
2015-11-09;18,700001;11,935;7,91;6,03445
2015-11-10;18,65;11,695;7,61;6,03445
2015-11-11;19,059999;11,875;7,72;6,16581
2015-11-12;18,889999;11,82;7,58;6,19865
2015-11-13;19,1;11,675;7,27;6,0755
2015-11-16;19,049999;11,8;7,7;6,11655
2015-11-17;19,120001;12,145;7,76;6,20686
2015-11-18;19,17;12,325;7,82;6,26433
2015-11-19;19,35;12;7,84;6,36286
2015-11-23;19,059999;12,15;8,08;6,34644
2015-11-24;18,940001;11,94;8,5;6,37107
2015-11-25;18,6;11,53;7,9;6,06729
2015-11-26;18,809999;11,665;7,92;6,18223
2015-11-27;18,57;11,23;7,6;6,03445
2015-11-30;18,639999;10,59;7,67;5,95235
2015-12-01;18,73;10,755;7,49;6,10013
2015-12-02;18,440001;10,935;7,52;5,9934
2015-12-03;18,75;11,5;7,98;6,2397
2015-12-04;18,540001;11,6;7,52;6,17402
2015-12-07;18,6;11,78;7,19;6,10834
2015-12-08;18,139999;11,6;7,13;6,06729
2015-12-09;18,48;12,23;7,65;6,37107
2015-12-10;18,299999;12,49;7,45;6,25612
2015-12-11;18,280001;12,89;7,25;6,21507
2015-12-14;18,049999;12,835;7,21;6,02624
2015-12-15;17,85;13,68;7,42;6,05908
2015-12-16;18,139999;13,75;7,29;6,01803
2015-12-17;18,15;13,925;7,2;6,16581
2015-12-18;17,799999;13,535;7,02;5,87025
2015-12-21;18;12,5;6,64;5,76352
2015-12-22;17,950001;12,18;6,79;5,78815
2015-12-23;18,200001;12,425;6,93;5,7471
2015-12-28;18,139999;12,06;6,7;5,73068
2015-12-29;18,200001;11,705;6,69;5,73068
2015-12-30;17,85;11,745;6,7;5,64857
2016-01-04;17,209999;11,855;6,87;5,41869
2016-01-05;17,48;11,98;6,68;5,509
2016-01-06;17,309999;12,125;6,4;5,55826
2016-01-07;16,85;11,65;6,26;5,47616
2016-01-08;17,07;11,365;6,27;5,47616
2016-01-11;16,799999;11,34;6,09;5,41048
2016-01-12;16,98;11,405;5,53;5,3448
2016-01-13;16,83;11,4;5,27;5,36122
2016-01-14;16,85;11,375;5,69;5,38585
2016-01-15;16,59;11,375;5,17;5,29554
2016-01-18;16,24;11,33;4,8;5,27091
2016-01-19;16,75;11;4,66;5,21344
2016-01-20;16,540001;10,7;4,43;5,15597
2016-01-21;16,32;10,65;4,5;5,17239
2016-01-22;16,85;10,8;4,41;5,25449
2016-01-26;16,84;10,75;4,2;5,33659
2016-01-27;17,82;11,1;4,57;5,3448
2016-01-28;17,889999;10,895;4,6;5,45974
2016-01-29;18,66;11,205;4,84;5,64857
2016-02-01;18,4;11,625;4,72;5,68141
2016-02-02;17,98;11,745;4,3;5,21344
2016-02-03;18,1;12,325;4,49;5,48437
2016-02-04;18,360001;13;4,73;5,57468
2016-02-05;18,139999;13,305;4,54;5,56647
2016-02-10;17,940001;13,025;4,31;5,57468
2016-02-11;17,85;13,15;4,23;5,45153
2016-02-12;17,92;13,255;4,45;5,45974
2016-02-15;17,92;13,175;4,57;5,46795
2016-02-16;17,969999;13,25;4,44;5,55005
2016-02-17;18,26;12,775;4,68;5,57468
2016-02-18;18,4;13,35;4,59;5,47616
2016-02-19;18,32;13,14;4,46;5,33659
2016-02-22;18,59;14;5,04;5,51721
2016-02-23;18,26;13,815;4,92;5,509
2016-02-24;18,18;13,545;4,87;5,46795
2016-02-25;17,709999;13,515;4,89;5,509
2016-02-26;17,629999;13,15;4,87;5,45974
2016-02-29;17,639999;13,29;5,14;5,59931
2016-03-01;18,25;13,8;5,31;5,8292
2016-03-02;18,139999;14,265;5,65;5,91951
2016-03-03;18,440001;14,95;6,57;6,40391
2016-03-04;19,110001;15,3;7,22;6,65842
2016-03-07;19,17;15,03;7,37;6,57632
2016-03-08;19,049999;15,1;7,47;6,8062
2016-03-09;18,65;14,075;7,6;6,642
2016-03-10;18,629999;14,13;7,95;6,8883
2016-03-11;18,219999;13,935;8,09;7,01146
2016-03-14;18,040001;13,18;7,4;6,9622
2016-03-15;18,299999;12,895;6,61;6,5599
2016-03-16;18,290001;13,45;7,23;6,3957
2016-03-17;18,73;13,75;8,1;7,05251
2016-03-18;18,42;13,94;8,12;7,0443
2016-03-21;18,73;14,215;8,06;7,13461
2016-03-22;18,74;14,12;8,11;6,88009
2016-03-23;19;13,65;7,78;6,67484
2016-03-24;19;13,915;7,81;6,67484
2016-03-28;19,299999;14,385;8,44;6,93757
2016-03-29;19,34;13,955;8,49;7,01146
2016-03-30;19,15;13,54;8,44;6,95399
2016-03-31;18,799999;13,27;8,31;6,70768
2016-04-01;18,83;14,07;8,36;6,70768
2016-04-04;18,51;13,41;7,54;6,48601
2016-04-05;18,709999;13,64;7,8;6,45317
2016-04-06;18,629999;13,48;7,58;6,28075
2016-04-07;18,549999;13,515;7,7;6,37107
2016-04-08;18,57;13,92;8,26;6,74873
2016-04-11;18,200001;14,14;8,39;6,76515
2016-04-12;18,4;14,705;9,04;7,07714
2016-04-13;18,299999;14,955;9,49;7,10998
2016-04-14;18,74;14,625;9,16;6,9622
2016-04-15;18,99;14,545;9,69;7,07714
2016-04-18;18,959999;14,035;9,24;7,01967
2016-04-19;19,120001;14,375;9,61;7,01146
2016-04-20;19,200001;14,375;9,48;6,87188
2016-04-22;19,16;14,125;9,75;6,8062
2016-04-25;19,129999;13,58;9,33;6,73231
2016-04-26;19,24;13,745;9,67;6,97862
2016-04-27;19,360001;13,95;10,25;7,15103
2016-04-28;19,459999;13,1;10,23;7,13461
2016-04-29;19,389999;12,75;10,23;7,10998
2016-05-02;19,51;12,545;10,17;6,95399
2016-05-03;19,59;12,29;9,78;6,57468
2016-05-04;19,6;12,075;9,92;6,68305
2016-05-05;19,139999;12,2;9,81;6,6108
2016-05-06;18,84;12,05;10,08;6,6379
2016-05-09;18,889999;11,96;9,48;6,72821
2016-05-10;19,09;12,09;10,21;7,0443
2016-05-11;18,860001;11,95;10,25;6,99914
2016-05-12;19,18;11,535;9,79;7,08042
2016-05-13;18,76;11,15;9,46;6,91786
2016-05-16;18,77;11,075;9,75;6,88174
2016-05-17;18,559999;11,14;9,5;6,66499
2016-05-18;18,4;11,135;9,32;6,66499
2016-05-19;18,6;11,305;8,96;6,70111
2016-05-20;18,540001;11,245;8,9;6,61983
2016-05-23;18,440001;11,04;8,5;6,6379
2016-05-24;18,690001;10,935;8,53;6,57468
2016-05-25;18,98;11,03;8,67;6,56565
2016-05-27;19,299999;11,135;8,23;6,56565
2016-05-30;19,15;11,05;8,38;6,55661
2016-05-31;19,110001;11,26;8,04;6,44824
2016-06-01;19,34;11,91;8,18;6,57468
2016-06-02;19,280001;12,1;8,32;6,59274
2016-06-03;19,5;12,1;8,57;6,6379
2016-06-06;19,42;12,125;8,46;6,54758
2016-06-07;19,09;11,845;8,62;6,66499
2016-06-08;19,27;11,78;9,39;6,78239
2016-06-09;19,16;11,45;9,18;6,82755
2016-06-10;18,719999;11,145;8,78;6,4663
2016-06-13;18,91;11,045;8,62;6,52952
2016-06-14;18,57;10,85;8,3;6,40309
2016-06-15;18,48;10,95;8,51;6,39405
2016-06-16;18,67;11,075;8,5;6,53855
2016-06-17;18,610001;11,36;8,95;6,44824
2016-06-20;18,59;11,73;9,18;6,55661
2016-06-21;18,58;11,89;9,53;6,4934
2016-06-22;18,32;11,725;9,34;6,43921
2016-06-23;18,51;12,9;9,67;6,67402
2016-06-24;18,48;12,87;9,25;6,51146
2016-06-27;18,709999;12,66;8,78;6,31277
2016-06-28;18,75;12,77;9,2;6,4934
2016-06-29;19,02;12,75;9,5;6,64693
2016-06-30;19,049999;12,75;9,42;6,85464
2016-07-01;19,219999;13,26;9,82;6,91786
2016-07-04;19,059999;13,45;9,87;6,90883
2016-07-05;19,290001;13,235;9,29;6,82755
2016-07-06;19,18;13,525;9,5;6,79142
2016-07-07;19,1;13,455;9,56;6,84561
2016-07-08;19,4;13,47;9,84;7,0443
2016-07-11;19,4;13,48;10,36;7,05333
2016-07-12;19,299999;13,355;10,65;6,94495
2016-07-13;19,1;13,555;10,63;7,10752
2016-07-14;19,1;13,69;10,93;7,42361
2016-07-15;18,950001;14,135;11,02;7,38748
2016-07-18;19,059999;14,1;11,55;7,55004
2016-07-19;19,17;14,45;11,78;7,5952
2016-07-20;19,120001;14,06;11,82;7,5681
2016-07-21;19,200001;13,77;11,85;7,49585
2016-07-22;19,389999;14,04;11,94;7,51392
2016-07-25;19,389999;13,905;12,03;7,47779
2016-07-26;19,35;13,715;11,88;7,40554
2016-07-27;19,32;13,62;11,51;7,52295
2016-07-28;19,440001;15;11,44;7,43264
2016-07-29;18,799999;16,65;11,87;7,55004
2016-08-01;19;15,8;11,25;7,45973
2016-08-02;18,84;15,785;11,36;7,50489
2016-08-03;18,639999;15,57;11,9;7,80291
2016-08-04;18,719999;15,485;12,01;7,82098
2016-08-05;19,1;15,55;11,65;7,79388
2016-08-08;19,25;15,5;11,91;7,7397
2016-08-09;19,26;15,785;11,88;7,73066
2016-08-10;19,17;15,25;11,56;7,63132
2016-08-11;19,5;15,88;12,1;7,84807
2016-08-12;19,73;16,504999;12;7,8571
2016-08-15;19,940001;16,834999;12,31;7,92032
2016-08-16;20;16,68;12,49;7,83904
2016-08-17;20,049999;16,735001;12,76;7,96547
2016-08-18;19,92;16,57;12,88;8,0016
2016-08-19;19,85;16,855;12,79;7,92935
2016-08-22;19,59;16,165001;12,35;7,7126
2016-08-23;19,58;16,375;12,67;7,72163
2016-08-24;19,58;16,605;12,4;7,69454
2016-08-25;19,309999;16,26;12,53;7,67648
2016-08-26;19,190001;15,835;12,55;7,74873
2016-08-29;19,24;16,25;12,87;7,86613
2016-08-30;19,24;16,1;13,09;7,88419
2016-08-31;19,190001;15,58;12,85;7,76679
2016-09-01;19,67;15,625;13;7,82098
2016-09-02;19,84;16,125;13,57;7,92935
2016-09-05;19,879999;16,1;13,83;7,90226
2016-09-06;20;16,344999;13,98;7,96547
2016-09-08;20;16,325001;14,22;7,8571
2016-09-09;19,75;15,87;13,51;7,49585
2016-09-12;19,75;15,93;13,95;7,55907
2016-09-13;19,42;15,5;13,01;7,52295
2016-09-14;19,66;15,775;13,11;7,44167
2016-09-15;19,73;15,65;13,51;7,61326
2016-09-16;19,43;15,17;13,16;7,52295
2016-09-19;19,450001;15,45;13,05;7,54101
2016-09-20;19,49;15,12;13,5;7,58617
2016-09-21;19,459999;15,525;13,66;7,63132
2016-09-22;19,67;15,395;14;7,74873
2016-09-23;19,73;15,29;13,69;7,68551
2016-09-26;19,620001;15,285;13,4;7,5952
2016-09-27;19,700001;15,17;13,12;7,70357
2016-09-28;19,85;15,385;13,85;7,78485
2016-09-29;19,719999;15,26;13,43;7,55907
2016-09-30;19,82;15,615;13,57;7,53198
2016-10-03;19,75;16,25;13,97;7,66745
2016-10-04;19,540001;16;14,02;7,55907
2016-10-05;19,59;16,450001;14,58;7,65842
2016-10-06;19,65;16,125;15,1;7,78485
2016-10-07;19,65;15,83;15,26;7,87516
2016-10-10;19,68;15,725;15,73;7,99257
2016-10-11;19,450001;15,655;15,39;7,91129
2016-10-13;19,23;15,8;15,76;7,91129
2016-10-14;19,530001;16,215;16,26;8,03772
2016-10-17;19,559999;16,525;16,9;8,10997
2016-10-18;19,65;16,75;17,42;8,21835
2016-10-19;19,68;16,450001;17,620001;8,16416
2016-10-20;19,65;16,325001;17,74;8,20028
2016-10-21;19,75;16,5;17,950001;8,13707
2016-10-24;19,700001;16,785;18,200001;8,09191
2016-10-25;19,530001;16,715;18;7,98354
2016-10-26;19,540001;16;18,1;8,0016
2016-10-27;19,5;15,345;18,09;8,17319
2016-10-28;19,1;15,35;18,09;8,19125
2016-10-31;18,83;15,33;17,690001;8,52541
2016-11-01;18,33;14,755;16,860001;8,33575
2016-11-03;17,9;13,965;16,129999;8,17319
2016-11-04;17,719999;13,775;15,99;8,33575
2016-11-07;17,99;13,77;17,209999;8,53444
2016-11-08;18,059999;13,66;17,040001;8,57959
2016-11-09;17,93;13,315;16,65;8,39897
2016-11-10;18,049999;12,965;15,5;7,96547
2016-11-11;17,450001;12,455;14,01;7,74873
2016-11-14;17,299999;12,765;14;7,7397
2016-11-16;17,83;12,97;14,74;7,99257
2016-11-17;17,620001;13,075;14,29;7,80291
2016-11-18;17,32;13,125;14,52;7,92935
2016-11-21;17,450001;13,41;15,58;8,01063
2016-11-22;17,17;13,4;15,93;8,01063
2016-11-23;17,639999;13,4;15,85;7,86613
2016-11-24;17,35;13,4;15,58;7,80291
2016-11-25;17,23;13,4;15,3;7,76679
2016-11-28;17,549999;13,4;15,46;7,83904
2016-11-29;17,059999;12,83;14,66;7,68551
2016-11-30;17,15;13,1;16;7,77582
2016-12-01;16,629999;11,56;15,44;7,37845
2016-12-02;16,709999;11,62;15,83;7,40554
2016-12-05;16,459999;11,725;15,66;7,36942
2016-12-06;16,75;12,195;16,15;7,53198
2016-12-07;16,639999;12,12;15,86;7,55004
2016-12-08;16,459999;11,825;15,7;7,54101
2016-12-09;16,639999;11,925;15,58;7,58617
2016-12-12;16,110001;11,525;15,6;7,28814
2016-12-13;16,290001;11,54;15,45;7,32426
2016-12-14;16,16;11,25;14,74;7,27911
2016-12-15;16,32;11,485;14,85;7,27911
2016-12-16;16,68;11,575;14,76;7,24298
2016-12-19;16,299999;11,255;14,36;7,11655
2016-12-20;16,4;11,25;14,35;7,1888
2016-12-21;16,34;11,25;14,34;7,1888
2016-12-22;15,82;11,025;14,01;7,24298
2016-12-23;16;11,045;14,24;7,13461
2016-12-26;16,18;11,03;14,42;7,22492
2016-12-27;16,110001;11,345;14,41;7,19783
2016-12-28;16,23;11,5;14,78;7,29717
2016-12-29;16,4;11,51;14,87;7,47779
2017-01-02;16,309999;11,235;14,66;7,41457
2017-01-03;16,639999;11,62;15,5;7,7397
2017-01-04;16,51;11,555;15,5;7,78485
2017-01-05;16,6;11,57;15,75;7,8571
2017-01-06;16,459999;11,53;15,66;7,83001
2017-01-09;16,530001;12,09;15,33;7,91129
2017-01-10;16,34;11,9;15,48;7,8571
2017-01-11;16,41;11,6;15,66;7,91129
2017-01-12;16,93;12,225;15,9;8,12803
2017-01-13;17,110001;12,175;15,68;8,04675
2017-01-16;17,049999;11,955;15,75;8,04675
2017-01-17;17,200001;12,125;15,82;8,20932
2017-01-18;17,26;12,62;15,79;8,16416
2017-01-19;17,299999;12,255;15,77;8,15513
2017-01-20;17,35;12,6;16;8,24544
2017-01-23;17,34;12,885;15,99;8,45316
2017-01-24;17,299999;12,86;16,040001;8,35381
2017-01-26;17,309999;13,08;15,8;8,38994
2017-01-27;17,32;12,945;15,62;8,38091
2017-01-30;16,969999;12,93;14,84;8,28156
2017-01-31;17,200001;12,635;15,02;8,38091
2017-02-01;17,32;12,95;15,02;8,41703
2017-02-02;17,16;13,05;14,89;8,408
2017-02-03;17,35;13,14;15,34;8,57056
2017-02-06;17,07;12,83;14,96;8,44413
2017-02-07;17,02;13,14;14,7;8,56153
2017-02-08;16,959999;12,905;15,1;8,63378
2017-02-09;16,889999;13,11;15,05;8,697
2017-02-10;17,139999;13,28;15,58;8,77828
2017-02-13;17,25;13,47;15,62;8,76022
2017-02-14;17,379999;13,34;15,82;8,72409
2017-02-15;18,02;13,585;15,84;9,05824
2017-02-16;17,969999;13,41;15,86;9,03115
2017-02-17;17,9;13,335;15,61;9,17565
2017-02-20;17,84;13,225;15,92;9,30208
2017-02-21;18,07;13,275;16,09;9,36364
2017-02-22;18,280001;13,38;15,7;9,40909
2017-02-23;18,129999;12,555;15,56;9,29091
2017-02-24;17,84;12,81;15,18;9,12727
2017-03-01;17,91;12,935;15,52;9,08182
2017-03-02;17,209999;12,925;15,11;8,97273
2017-03-03;17,389999;13,29;15,32;9,08182
2017-03-06;17,25;13,355;15,1;9,15455
2017-03-07;16,82;13,53;15,18;9,01818
2017-03-08;17,120001;13,475;14,55;8,84545
2017-03-09;17,299999;13,41;14,5;8,76364
2017-03-10;17,299999;13,84;14,31;8,8
2017-03-13;17,360001;14,17;14,37;8,92727
2017-03-14;17,1;14,21;13,59;8,82727
2017-03-15;17,299999;14,395;14,2;9,05455
2017-03-16;17,280001;14,275;13,71;9,05455
2017-03-17;17,209999;14,225;13,16;8,88182
2017-03-20;17,639999;14,275;13,6;8,86364
2017-03-21;17,42;13,915;13;8,55455
2017-03-22;17,309999;13,725;13,66;8,77273
2017-03-23;17,440001;14,05;13,57;8,7
2017-03-24;17,629999;14,165;13,48;8,78182
2017-03-27;17,790001;14,175;13,77;8,86364
2017-03-28;17,940001;14,12;13,95;8,8
2017-03-29;18,18;14,275;14,45;8,88182
2017-03-30;18,27;14,365;14,45;8,77273
2017-03-31;18,24;14,505;14,49;8,63636
2017-04-03;18;14,375;14,67;8,70909
2017-04-04;18,110001;14,29;14,85;8,82727
2017-04-05;17,879999;14,395;14,57;8,72727
2017-04-06;17,98;14,75;14,53;8,60909
2017-04-07;18,049999;15,01;14,7;8,65455
2017-04-10;18;15,08;14,94;8,69091
2017-04-11;17,620001;15,2;14,68;8,72727
2017-04-12;17,67;15,135;14,65;8,68182
2017-04-13;17,76;15,005;14,08;8,46364
2017-04-17;18,059999;15,45;14,28;8,69091
2017-04-18;18,16;15,325;14,1;8,76364
2017-04-19;18,1;15,245;13,6;8,61818
2017-04-20;17,98;15,245;13,88;8,54545
2017-04-24;18,030001;15,745;14,03;8,75455
2017-04-25;18,32;15,815;14,34;8,77273
2017-04-26;18,209999;15,595;14;8,74545
2017-04-27;18,200001;15,055;13,73;8,85455
2017-04-28;18,26;15,125;13,97;8,99091
2017-05-02;18,57;15,65;13,99;9,16364
2017-05-03;18,559999;15,885;14,16;9,07273
2017-05-04;19,030001;15,79;13,6;8,86364
2017-05-05;18,9;15,915;14,21;9,10909
2017-05-08;18,889999;16,16;14,08;9,09091
2017-05-09;18,950001;16,709999;14,14;9,11818
2017-05-10;19,190001;17,725;14,73;9,18182
2017-05-11;19,530001;17,4;14,82;9,33636
2017-05-12;19,690001;17,620001;15,45;9,36364
2017-05-15;19,74;17,575001;15,68;9,36364
2017-05-16;19,82;17,639999;15,7;9,33636
2017-05-17;19,639999;17,014999;15,61;9,15455
2017-05-18;18,799999;15,375;13,15;8,27273
2017-05-19;18,620001;15,995;13,62;8,32727
2017-05-22;18,57;15,375;13,4;8,09091
2017-05-23;18,889999;15,885;13,49;8,19091
2017-05-24;18,860001;16,35;14,05;8,19091
2017-05-25;18,92;16,25;13,74;8
2017-05-26;19,030001;16,85;13,68;8,15455
2017-05-29;19,030001;16,85;13,68;8,15455
2017-05-30;18,790001;16,775;13,36;8,20909
2017-05-31;18,709999;16,285;12,96;8,13636
2017-06-01;18,549999;16,450001;12,82;7,95455
2017-06-02;18,57;16,434999;13,05;8
2017-06-05;18,91;16,530001;13,18;7,96364
2017-06-06;19,07;16,415001;13,18;8,07273
2017-06-07;18,84;16,174999;12,87;8,20909
2017-06-08;18,530001;16,225;12,84;8,14545
2017-06-09;18,110001;14,97;12,85;8,00909
2017-06-12;18,08;14,68;12,9;8,00909
2017-06-13;18,389999;14,4;12,94;8,06364
2017-06-14;18,18;14,095;12,62;8,14545
2017-06-15;18,18;14,095;12,62;8,14545
2017-06-16;17,780001;13,99;12,28;8,19091
2017-06-19;17,870001;14;12,29;8,2
2017-06-20;18,07;13,805;11,86;7,99091
2017-06-21;18,129999;13,6;11,64;7,94545
2017-06-22;18,200001;13,345;12,04;7,96364
2017-06-23;18,24;13,275;11,93;7,88182
2017-06-26;18,27;13,06;12,27;8,09091
2017-06-27;18,290001;12,925;12,21;7,93636
2017-06-28;18,299999;13,095;12,08;8,00909
2017-06-29;18,25;12,86;12,18;8,11818
2017-06-30;18,309999;12,85;12,37;8,2
2017-07-03;18,280001;12,58;12,36;8,2
2017-07-04;18,24;12,54;12,43;8,19091
2017-07-05;18,219999;12,75;12,21;8,27273
2017-07-06;17,780001;12,695;12,17;8,16364
2017-07-07;18,02;12,385;11,93;8,15455
2017-07-10;18,309999;12,67;11,98;8,22727
2017-07-11;18,52;12,41;12,33;8,34545
2017-07-12;18,65;12,465;12,94;8,36364
2017-07-13;18,68;12,465;12,87;8,39091
2017-07-14;18,75;12,315;13,05;8,37273
2017-07-17;18,84;11,84;12,89;8,34545
2017-07-18;18,75;11,86;12,94;8,41818
2017-07-19;18,82;11,95;13,23;8,34545
2017-07-20;18,780001;11,92;13,1;8,38182
2017-07-21;18,809999;11,925;12,69;8,36364
2017-07-24;18,82;11,65;12,88;8,36364
2017-07-25;18,879999;11,295;13,22;8,43636
2017-07-26;18,83;11,295;13,06;8,33636
2017-07-27;19,110001;11,985;13;8,4
2017-07-28;19,1;12,355;13,13;8,4
2017-07-31;19,15;12,525;13,29;8,40909
2017-08-01;19,24;12,3;13,12;8,68182
2017-08-02;19,4;12,535;13,51;8,78182
2017-08-03;19,26;12,825;13,31;8,76364
2017-08-04;19,26;12,9;13,4;8,73636
2017-08-07;19,35;12,87;13,55;8,92727
2017-08-08;19,389999;12,695;13,49;8,93636
2017-08-09;19,42;12,715;13,52;8,9
2017-08-10;19,4;12,545;13,19;8,83636
2017-08-11;19,52;12,675;12,95;8,88182
2017-08-14;19,709999;13,225;13,08;9,00909
2017-08-15;19,780001;13,475;13,15;8,98182
2017-08-16;19,809999;13,27;13,13;8,99091
2017-08-17;19,790001;13,325;13,05;8,91818
2017-08-18;19,76;13,905;13,6;9,03636
2017-08-21;19,74;13,875;13,34;9,02727
2017-08-22;19,75;14,225;13,79;9,11818
2017-08-23;19,84;14,455;13,76;9,30909
2017-08-24;19,799999;15,025;13,8;9,38182
2017-08-25;19,85;14,575;13,88;9,36364
2017-08-28;19,85;14,775;13,87;9,34545
2017-08-29;19,9;15,01;13,85;9,41818
2017-08-30;19,879999;15,015;13,45;9,42727
2017-08-31;19,860001;14,75;13,65;9,27273
2017-09-01;19,76;14,86;14,02;9,43636
2017-09-04;19,73;14,755;14,17;9,4
2017-09-05;19,82;14,815;14,41;9,45455
2017-09-06;20,129999;14,85;15,02;9,71818
2017-09-07;20,129999;14,85;15,02;9,71818
2017-09-08;20,1;15,175;14,71;9,74545
2017-09-11;20,26;15,77;14,99;9,87273
2017-09-12;21,01;16,25;14,87;9,91818
2017-09-13;21,18;16,745001;15,03;9,94545
2017-09-14;21,190001;16,945;15,04;9,98182
2017-09-15;21,459999;17,33;15,04;10,2
2017-09-18;21,200001;17,459999;15,04;10,2636
2017-09-19;21,4;16,665001;15,14;10,2273
2017-09-20;21,48;16,5;15,87;10,1273
2017-09-21;21,360001;16,120001;15,67;10,1364
2017-09-22;21,52;16,004999;15,69;10,1182
2017-09-25;21,5;15,65;15,84;10,0091
2017-09-26;21,18;15,7;15,56;10
2017-09-27;21,1;15,535;15,31;9,85455
2017-09-28;21,059999;15,475;15,34;9,83636
2017-09-29;21,040001;15,6;15,3;10,0273
2017-10-02;20,700001;15,315;15,4;9,96364
2017-10-03;21,42;15,75;15,98;10,3546
2017-10-04;21,200001;16,41;15,66;10,2818
2017-10-05;21,23;15,875;15,9;10,3455
2017-10-06;21,07;15,57;15,69;10,3
2017-10-09;21,07;15,645;15,89;10,1454
2017-10-10;21,559999;15,875;16,190001;10,3546
2017-10-11;21,629999;15,4;16,08;10,3273
2017-10-12;21,629999;15,4;16,08;10,3273
2017-10-13;22,129999;15,06;16,08;10,3182
2017-10-16;21,92;15,565;16,120001;10,2727
2017-10-17;21,75;15,15;16,129999;10,1545
2017-10-18;21,780001;15,48;16,16;10,2
2017-10-19;21,83;15,405;16,15;10,1364
2017-10-20;21,530001;15,485;16,219999;10,1364
2017-10-23;21,299999;15,26;16,200001;9,9
2017-10-24;21,32;15,645;16,51;10,1182
2017-10-25;21,190001;16,139999;16,719999;10,2727
2017-10-26;21,040001;16;16,73;10,1636
2017-10-27;20,91;16;17,030001;10,1364
2017-10-30;20,959999;15,295;16,780001;9,85455
2017-10-31;20,9;15,485;16,77;9,52727
2017-11-01;20,74;15,255;16,9;9,45455
2017-11-02;20,74;15,255;16,9;9,45455
2017-11-03;20,6;14,65;16,940001;9,54545
2017-11-06;20,540001;14,385;17,43;9,57273
2017-11-07;20,200001;13,975;16,5;9,36364
2017-11-08;20,27;14,76;16,950001;9,67273
2017-11-09;20,219999;14,795;16,719999;9,51818
2017-11-10;20,209999;14,3;16,719999;9,51818
2017-11-13;20,219999;14,66;16,639999;9,51818
2017-11-14;20,200001;14,62;15,35;9,38182
2017-11-15;20,200001;14,62;15,35;9,38182
2017-11-16;20,42;16,094999;15,81;9,52727
2017-11-17;20,540001;16,450001;16,02;9,63636
2017-11-20;20,540001;16,450001;16,02;9,63636
2017-11-21;20,809999;16,299999;15,9;9,78182
2017-11-22;20,83;15,995;16,110001;9,75455
2017-11-23;20,709999;15,935;16,190001;9,74545
2017-11-24;20,620001;15,5;16,1;9,65455
2017-11-27;20,74;15,345;15,87;9,80909
2017-11-28;20,780001;15,345;15,84;9,77273
2017-11-29;20,559999;14,925;15,33;9,53636
2017-11-30;20,559999;14,58;15,38;9,43636
2017-12-01;20,450001;14,715;15,61;9,50909
2017-12-04;20,58;15,37;15,48;9,54545
2017-12-05;20,549999;15,3;15,31;9,5
2017-12-06;20,709999;15,75;15,52;9,63636
2017-12-07;20,719999;15,405;15,26;9,52727
2017-12-08;21,02;15,35;15,35;9,56364
2017-12-11;21,15;15,03;15,38;9,60909
2017-12-12;21,5;15,45;15,49;9,70909
2017-12-13;21,049999;15,21;15,18;9,57273
2017-12-14;20,969999;14,705;15,01;9,54545
2017-12-15;20,9;14,8;14,95;9,59091
2017-12-18;20,91;15,05;15,22;9,54545
2017-12-19;20,59;15,325;15,14;9,45455
2017-12-20;20,700001;15,75;15,24;9,6
2017-12-21;20,969999;15,95;15,86;9,95455
2017-12-22;21,030001;15,96;15,75;9,96364
2017-12-25;21,030001;15,96;15,75;9,96364
2017-12-26;21,25;15,74;15,97;9,85455
2017-12-27;21,4;16,370001;16,049999;9,82727
2017-12-28;21,280001;16,530001;16,1;9,83636
2017-12-29;21,280001;16,530001;16,1;9,83636
2018-01-02;21,690001;16,15;16,549999;10,0273
2018-01-03;21,74;16,02;16,700001;10,1454
2018-01-04;21,620001;16,5;16,73;10,3364
2018-01-05;21,700001;16,5;16,83;10,3546
2018-01-08;21,66;16,305;17,030001;10,3455
2018-01-09;21,6;16,15;17,030001;10,1818
2018-01-10;21,6;16,27;16,799999;10,1818
2018-01-11;21,85;16,225;17,25;10,3455
2018-01-12;21,6;16,514999;17,299999;10,3727
2018-01-15;21,82;16,790001;17,35;10,5
2018-01-16;21,9;16,504999;17,65;10,6364
2018-01-17;22,030001;16,905001;18,360001;10,8
2018-01-18;21,92;16,575001;18,219999;10,8546
2018-01-19;22;17,15;18,26;10,8909
2018-01-22;21,9;17,440001;18,469999;11,1636
2018-01-23;21,82;17,35;18,24;11,0182
2018-01-24;21,889999;18,549999;19,34;11,7364
2018-01-25;21,889999;18,549999;19,34;11,7364
2018-01-26;21,879999;18,275;19,93;12,2273
2018-01-29;21,84;17,9;19,85;11,9091
2018-01-30;21,870001;17,75;19,49;11,9818
2018-01-31;21,950001;17,459999;19,700001;12,0455
2018-02-01;22,23;17,5;20,52;12,0091
2018-02-02;22,01;17,25;19,969999;11,8182
2018-02-05;21,68;17,1;19,040001;11,4545
2018-02-06;21,620001;17,455;19,99;11,9
2018-02-07;21,620001;17,5;19,440001;11,6545
2018-02-08;21,66;17,049999;19,049999;11,5455
2018-02-09;21,49;16,855;18,77;11,5273
2018-02-14;;;;
2018-02-15;22,299999;16,65;19,4;11,9
2018-02-16;22,43;16,809999;19,42;12,1818
2018-02-19;22,34;17,32;20,049999;12,1545
2018-02-20;22,709999;17,275;20,440001;12,6454
2018-02-21;22,4;17,115;20,25;12,8636
2018-02-22;22,42;17,469999;20,74;13,0727
2018-02-23;21,969999;17,9;21,120001;12,3909
2018-02-26;22,15;17,375;21,52;12,4091
2018-02-27;22,219999;17,504999;21,5;12,2455
2018-02-28;22;17,165001;21,459999;11,9273
2018-03-01;22,34;17,440001;21,030001;12,1182
2018-03-02;22,58;17,32;21,51;12,2182
2018-03-05;22,52;16,924999;22,120001;12,5455
2018-03-06;22,77;16,629999;21,9;12,4909
2018-03-07;23,07;16,705;21,67;12,4545
2018-03-08;23,299999;16,625;21,700001;12,3727
2018-03-09;23,440001;16,709999;22,389999;12,4818
2018-03-12;23,98;16,655001;22,33;12,6
2018-03-13;23,959999;16,65;22,110001;12,5182
2018-03-14;24,27;16,309999;22,379999;12,3909
2018-03-15;23,879999;16,285;21,309999;12,3364
2018-03-16;23,610001;16,33;21,43;12,2182
2018-03-19;23,790001;16,299999;20,93;12,0909
2018-03-20;23,690001;15,89;21,16;12,0909
2018-03-21;23,889999;16,049999;22,049999;12,1091
2018-03-22;24,01;16,059999;21,719999;12,0636
2018-03-23;23,92;16,07;21,75;12,1
2018-03-26;24;15,875;22,030001;12,3
2018-03-27;23,84;15,46;21,440001;12,1727
2018-03-28;23,82;15,795;21,200001;12,3182
2018-03-29;24,07;16;21,41;12,5364
2018-04-02;23,85;15,795;20,9;12,4636
2018-04-03;24,200001;16,27;20,709999;12,4
2018-04-04;24,190001;16,25;20,379999;12,4091
2018-04-05;24,030001;16,34;21,15;12,3727
2018-04-06;23,25;15,93;21,280001;12,2727
2018-04-09;23,290001;15,5;20,530001;12,0273
2018-04-10;23,799999;15,745;21,4;12,0818
2018-04-11;23,85;15,865;21,799999;12,0727
2018-04-12;23,290001;16,455;21,68;12,2636
2018-04-13;23,26;15,935;21,200001;12
2018-04-16;22,98;15,645;20,620001;11,7818
2018-04-17;23,110001;16,055;21,030001;12
2018-04-18;23,35;16,045;21,799999;12,2364
2018-04-19;23,5;16,139999;22,200001;12,0455
2018-04-20;23,43;16,549999;22,360001;11,9454
2018-04-23;23,450001;16,115;22,48;11,9909
2018-04-24;23,309999;16,23;22,4;11,9636
2018-04-25;23,17;16,26;21,73;12,0364
2018-04-26;23,309999;16,24;22,629999;12,4273
2018-04-27;23,18;16,674999;22,709999;12,4454
2018-04-30;23,33;16,105;22,969999;12,3727
2018-05-02;22,67;16,540001;22,6;11,6364
2018-05-03;22,6;16,08;22,450001;11,3182
2018-05-04;22,5;16,040001;22,27;11,1364
2018-05-07;22,34;15,69;22,65;11,1545
2018-05-08;22,440001;15,525;22,91;11,1818
2018-05-09;21,91;15,63;24,780001;11,2091
2018-05-10;21,799999;15,7;25,75;11,5818
2018-05-11;21,85;18;25,440001;11,4
2018-05-14;21,709999;17,959999;26,24;11,2364
2018-05-15;21,459999;18,895;26,790001;11,0818
2018-05-16;21,51;18,25;27,389999;11,1909
2018-05-17;21,09;17,620001;25,950001;10,7
2018-05-18;20,629999;17,59;25,65;10,5455
2018-05-21;20,299999;17,559999;25,049999;10,4818
2018-05-22;20,15;17,700001;24,709999;10,9364
2018-05-23;20,049999;17,15;23,27;10,6818
2018-05-24;20,33;17,5;20,08;10,8546
2018-05-25;20,16;17,17;19,799999;10,7
2018-05-28;19,76;16,75;16,91;10,2545
2018-05-29;19,59;16,5;19,299999;10,1818
2018-05-30;19,690001;16,860001;18,98;10,2091
2018-06-01;19,940001;17,450001;16,16;10,35
2018-06-04;20,040001;18,584999;17,530001;10,68
2018-06-05;19,76;17,52;16,59;10,15
2018-06-06;19,530001;17,645;16,33;10,01
2018-06-07;19,08;16,9;15,76;9,4
2018-06-08;18,959999;17,344999;15,25;9,42
2018-06-11;18,99;16,805;15,41;9,2
2018-06-12;18,879999;16,6;15,46;9,19
2018-06-13;18,709999;16,355;15,17;9,12
2018-06-14;18,93;16,205;15,1;8,82
2018-06-15;18,719999;15,905;14,97;8,91
2018-06-18;18,540001;15,5;14,5;8,61
2018-06-19;18,799999;15,425;15,42;8,99
2018-06-20;18,540001;15,46;16,209999;9,18
2018-06-21;18,129999;15,2;15,1;8,91
2018-06-22;18,16;15,145;15,11;8,98
2018-06-25;18,219999;15,36;15,7;8,94
2018-06-26;18,09;15,25;16,040001;9,09
2018-06-27;17,950001;14,8;16,549999;8,82
2018-06-28;18,01;15,43;16,6;9,04
2018-06-29;17,98;15,135;17,190001;9,18
2018-07-02;18,139999;15,3;17,469999;9,28
2018-07-03;18,09;15,12;17,5;9,59
2018-07-04;18,1;15,095;17,610001;9,68
2018-07-05;18,4;14,885;17,860001;9,7
2018-07-06;18,09;15,035;17,940001;9,72
2018-07-10;18,190001;15,165;17,75;9,74
2018-07-11;17,91;14,885;17,41;9,77
2018-07-12;18,24;15,025;17,950001;9,91
2018-07-13;18,440001;15,04;18,110001;10,13
2018-07-16;18,950001;14,815;17,879999;10,19
2018-07-17;19,17;15,245;18,290001;10,39
2018-07-18;18,76;15,63;18,049999;10,38
2018-07-19;18,879999;15,455;18,4;10,53
2018-07-20;18,790001;15,45;19,290001;10,87
2018-07-23;18,65;15,005;19,26;10,6
2018-07-24;18,969999;14,75;19,66;10,62
2018-07-25;18,9;15,06;19,959999;10,96
2018-07-26;19,889999;15;19,41;10,77
2018-07-27;19,809999;14,78;19,77;10,74
2018-07-30;19,700001;14,685;19,889999;10,85
2018-07-31;19,41;14,55;19,719999;10,42
2018-08-01;19,450001;14,5;20,01;10,65
2018-08-02;19,290001;14,645;20,41;10,71
2018-08-03;19,299999;14,83;21,110001;11,03
2018-08-06;19,299999;14,81;21,040001;10,87
2018-08-07;19,17;14,405;20,709999;10,85
2018-08-08;19,16;14,225;20,139999;10,62
2018-08-09;19,27;14,015;20,34;10,41
2018-08-10;18,91;13,025;19,59;10,01
2018-08-13;19,139999;13,55;20,040001;9,96
2018-08-14;19,41;13,705;19,98;10,2
2018-08-15;19,42;13,425;19,049999;10,18
2018-08-16;19,01;13,265;18,950001;10,08
2018-08-17;19,18;13,15;18,459999;9,95
2018-08-20;19,15;13,265;18,360001;9,72
2018-08-21;18,98;13,225;17,719999;9,5
2018-08-22;18,9;14;18,35;9,71
2018-08-23;18,940001;14,06;17,950001;9,45
2018-08-24;19,07;14,3;18,299999;9,49
2018-08-27;19,129999;14,92;18,709999;9,76
2018-08-28;19,1;14,86;18,35;9,6
2018-08-29;19,25;14,7;19,299999;9,87
2018-08-30;19;14,525;18,799999;9,43
2018-08-31;18,85;14,5;19,26;9,59
2018-09-03;18,629999;14,43;19;9,47
2018-09-04;18,01;14,4;18,65;9,36
2018-09-05;18,139999;14,635;18,75;9,36
2018-09-06;18,32;14,65;18,99;9,7
2018-09-10;18,290001;14,5;19,26;9,69
2018-09-11;18,190001;14,325;18,5;9,29
2018-09-12;18,450001;14,2;18,950001;9,35
2018-09-13;18,33;13,945;18,709999;9,41
2018-09-14;18,23;14,05;18,790001;9,63
2018-09-17;18,360001;13,975;19,4;9,78
2018-09-18;18,790001;14,195;20,25;9,91
2018-09-19;18,790001;13,695;19,98;9,9
2018-09-20;18,75;13,595;19,870001;9,76
2018-09-21;18,85;13,92;20,139999;9,87
2018-09-24;18,389999;13,675;20;9,59
2018-09-25;18,4;13,9;20,08;9,67
2018-09-26;18,700001;14,275;20,190001;9,76
2018-09-27;18,48;14,175;21,459999;10,05
2018-09-28;18,34;14,19;21,09;10,1
2018-10-01;18,43;13,77;21;9,99
2018-10-02;18,25;13,885;22,82;10,4
2018-10-03;18,129999;14,32;23,790001;10,74
2018-10-04;17,870001;13,96;24,02;10,66
2018-10-05;17,65;13,84;23,959999;10,53
2018-10-08;18;14,41;26,6;11,17
2018-10-09;17,48;13,9;26,82;11,08
2018-10-10;17,200001;14,08;26,049999;10,81
2018-10-11;16,99;14,325;25,290001;10,75
2018-10-15;16,93;14,365;25,77;10,82
2018-10-16;17,41;14,95;26,73;11,27
2018-10-17;17,049999;15,54;26,450001;11,17
2018-10-18;16,65;15,15;25,700001;10,83
2018-10-19;16,860001;15,385;25,92;10,81
2018-10-22;16,82;15,52;26,530001;10,98
2018-10-23;16,629999;16,18;26,200001;10,96
2018-10-24;15,89;15,685;25,68;10,7
2018-10-25;15;16,084999;26,32;10,82
2018-10-26;15,19;16,025;27,6;11,04
2018-10-29;15,43;15,64;26,42;10,89
2018-10-30;16,049999;16,105;28;11,31
2018-10-31;16,34;16,295;27,620001;11,24
2018-11-01;16,370001;16,245001;27,32;11,4
2018-11-05;16,459999;16,5;28,16;11,5
2018-11-06;16,639999;16,690001;27,190001;11,55
2018-11-07;16,35;16,895;26,299999;11,6
2018-11-08;15,71;16,450001;25,35;11,3
2018-11-09;16,08;17,9;25,459999;11,55
2018-11-12;15,95;17,74;25,33;11,44
2018-11-13;15,76;17,985001;24,24;11,36
2018-11-14;16,030001;18,25;25,1;11,55
2018-11-16;16,5;18,440001;25,799999;11,99
2018-11-19;16,459999;18,665001;26;12,07
2018-11-21;16,379999;19,16;25,17;11,85
2018-11-22;16,5;19,184999;25,15;11,84
2018-11-23;16,200001;19,209999;24,370001;11,86
2018-11-26;16,15;19,264999;24,25;11,64
2018-11-27;16,540001;19,125;25,530001;12,09
2018-11-28;16,690001;19,65;25,379999;12,37
2018-11-29;16,639999;20,190001;25,17;12,49
2018-11-30;16,92;20,455;25,459999;12,34
2018-12-03;16,74;20,785;25,940001;12,23
2018-12-04;16,65;20,5;25,34;12,05
2018-12-05;16,540001;20,945;25,559999;12,05
2018-12-06;16,389999;21,25;24,59;12,36
2018-12-07;16,110001;21,33;24,77;12,12
2018-12-10;15,89;20,945;23,440001;11,75
2018-12-11;15,95;21,375;23,290001;11,79
2018-12-12;15,95;21,91;23,299999;11,91
2018-12-13;16,32;21,995001;23,360001;12,1
2018-12-14;16,059999;22,049999;23,049999;12,18
2018-12-17;16,1;22,049999;22,870001;11,85
2018-12-18;15,88;21,975;22;11,9
2018-12-19;15,4;21,75;22,25;11,89
2018-12-20;15,21;21,495001;21,49;11,88
2018-12-21;15,17;21,610001;21,549999;11,75
2018-12-26;15,14;21,950001;21,68;11,6
2018-12-27;15,1;22,075001;21,67;11,8
2018-12-28;15,38;22,5;22,68;12,08
2019-01-02;16,15;23,200001;24,059999;12,65
2019-01-03;16,33;23,379999;24,65;12,76
2019-01-04;16,549999;23,65;24,719999;12,72
2019-01-07;16,48;22,735001;25,110001;12,71
2019-01-08;16,15;22,18;24,959999;12,88
2019-01-09;16,379999;22,635;25,48;13,05
2019-01-10;16,85;22,77;25,26;12,96
2019-01-11;17,290001;22,355;24,99;12,8
2019-01-14;17,540001;22;24,85;12,99
2019-01-15;17,700001;21,860001;24,83;12,91
2019-01-16;17,799999;21,645;24,82;12,92
2019-01-17;17,85;21,76;25,16;12,94
2019-01-18;18;23,025;25,4;12,93
2019-01-21;18;22,91;25,530001;12,88
2019-01-22;17,540001;22,540001;25,129999;12,82
2019-01-23;17,18;22,684999;25,43;12,99
2019-01-24;17,16;23,225;25,540001;13,2
2019-01-28;17,950001;23,785;24,77;13,49
2019-01-29;17,870001;23,955;25,370001;13,27
2019-01-30;17,969999;24,299999;25,620001;13,42
2019-01-31;17,51;23,715;25,58;13,5
2019-02-01;18,110001;24,045;25,799999;13,54
2019-02-04;18,450001;24,115;26,030001;13,8
2019-02-05;18,639999;23,825001;26,08;13,37
2019-02-06;18,09;22,780001;25,49;12,8
2019-02-07;18,75;22,75;25,09;12,82
2019-02-08;18,219999;22,565001;25,129999;13,23
2019-02-11;18,709999;22,379999;24,84;13,14
2019-02-12;18,67;22,75;25,719999;13,36
2019-02-13;18,389999;22,6;26,049999;13,07
2019-02-14;18,59;22,690001;26,950001;13,4
2019-02-15;18,49;23,35;26,84;13,23
2019-02-18;18,190001;23,059999;26,76;12,96
2019-02-19;18,32;23,834999;27,379999;13,23
2019-02-20;18,15;22,795;27,040001;13,2
2019-02-21;18,32;23,424999;27,4;13,56
2019-02-22;18,32;24,815001;27,129999;12,9
2019-02-25;18,389999;24,934999;26,700001;12,81
2019-02-26;18,49;24,549999;26,58;12,82
2019-02-27;18,360001;24,1;27,08;12,64
2019-02-28;17,23;24,190001;27,059999;12,37
2019-03-01;16,76;23,75;26,700001;12,26
2019-03-06;;;;
2019-03-07;16,690001;23,34;26,77;12,29
2019-03-08;16,59;24,045;26,67;12,51
2019-03-11;17,110001;23,995001;27,75;12,86
2019-03-12;17;24,575001;27,5;12,9
2019-03-13;16,9;24,35;28,1;12,98
2019-03-14;16,66;23,615;28,190001;12,77
2019-03-15;16,76;23,33;28,25;12,8
2019-03-18;17,309999;23,24;28,74;12,89
2019-03-19;17,190001;23,325001;29,200001;12,69
2019-03-20;17;23,045;28,969999;12,47
2019-03-21;16,98;22,5;28,559999;12,28
2019-03-22;16,719999;20,75;27;11,93
2019-03-25;16,52;20,049999;27,34;11,96
2019-03-26;16,99;22;28,629999;12,03
2019-03-27;16,540001;21,84;27,34;11,43
2019-03-28;16,75;22,290001;28,059999;12,05
2019-03-29;16,83;22,695;28,059999;11,98
2019-04-01;16,82;22,74;28;11,98
2019-04-02;16,77;22,795;28,290001;11,87
2019-04-03;16,84;22,639999;27,540001;11,75
2019-04-04;17,32;22,940001;28,469999;11,8
2019-04-05;17,440001;23,055;28,780001;12,07
2019-04-08;17,35;22,715;29,25;12,06
2019-04-09;17,690001;22,299999;29,16;11,88
2019-04-10;17,549999;23,23;28,780001;11,82
2019-04-11;17,25;22,754999;28;11,67
2019-04-12;17,059999;23,049999;25,83;11,55
2019-04-15;17,42;23;25,93;11,53
2019-04-16;17,530001;22,98;26,719999;11,63
2019-04-17;17,049999;22,799999;26,75;11,47
2019-04-18;17,08;23;27,6;11,59
2019-04-22;17,5;22,275;27,440001;11,55
2019-04-23;17,67;21,924999;27,68;11,85
2019-04-24;17,719999;22,389999;27,6;11,85
2019-04-25;18,309999;24,639999;27,799999;12,04
2019-04-26;18,290001;25,049999;27,25;12,02
2019-04-29;18,35;26,174999;27,370001;11,8
2019-04-30;18,469999;26,120001;27,110001;11,91
2019-05-02;17,950001;25,235001;26,73;11,95
2019-05-03;17,92;24,995001;26,85;11,77
2019-05-06;18,059999;25,465;26,77;11,44
2019-05-07;17,65;25,645;26,35;11,44
2019-05-08;17,92;25,6;27,370001;11,54
2019-05-09;17,49;25,5;26,83;11,49
2019-05-10;17,299999;26,495001;26,68;11,45
2019-05-13;17,01;25,950001;25,9;11,25
2019-05-14;16,940001;26,135;26;11,27
2019-05-15;16,610001;26;25,879999;11,25
2019-05-16;16,639999;26,1;25,27;11,08
2019-05-17;16,49;26,9;24,68;11,08
2019-05-20;16,49;28;25,52;11,44
2019-05-21;17,09;28,1;26,49;11,79
2019-05-22;17,209999;30,75;26,290001;11,72
2019-05-23;17,209999;28,125;25,84;11,68
2019-05-24;17,059999;29,190001;26,09;11,55
2019-05-27;17,219999;30,674999;26,24;11,58
2019-05-28;17,309999;30,68;26,799999;11,87
2019-05-29;17,26;30,475;26,5;12,16
2019-05-30;17,43;30,200001;26,15;12,33
2019-05-31;17,549999;29,99;25,549999;12,39
2019-06-03;17,42;28,825001;25,99;12,42
2019-06-04;17,35;28,705;26,200001;12,45
2019-06-05;17,41;28,094999;25,860001;12,15
2019-06-06;17,639999;28,35;26,280001;12,29
2019-06-07;17,610001;28,584999;26,76;12,4
2019-06-10;17,65;27,915001;26,65;12,21
2019-06-11;17,719999;29,129999;27,16;12,24
2019-06-12;17,68;28,325001;26,85;12,18
2019-06-13;17,85;28,455;27,18;12,02
2019-06-14;17,639999;28,575001;27,059999;11,98
2019-06-17;17,799999;28,5;27,110001;11,97
2019-06-18;18,049999;28,355;27,450001;12,2
2019-06-19;18,200001;29,85;27,52;12,38
2019-06-21;18,450001;29,584999;28,280001;12,6
2019-06-24;18,299999;29,110001;28,25;12,65
2019-06-25;18,17;28,375;27,51;12,58
2019-06-26;18,1;28,15;27,67;12,98
2019-06-27;18,049999;28,235001;27,23;12,94
2019-06-28;17,889999;28,245001;27,41;12,89
2019-07-01;17,809999;28,870001;27,26;12,92
2019-07-02;18,129999;28,555;26,82;12,78
2019-07-03;18,84;28,549999;27,18;12,97
2019-07-04;19;29,25;27,389999;13,15
2019-07-05;19;28,805;27,4;13,27
2019-07-08;18,940001;28,225;27,65;13,28
2019-07-10;19,02;29,125;28,07;13,34
2019-07-11;18,690001;28,014999;28,4;13,2
2019-07-12;18,200001;27,545;28,530001;13
2019-07-15;18,25;27,6;28,18;12,95
2019-07-16;18,1;27,625;27,83;12,89
2019-07-17;17,99;28,08;27,68;12,93
2019-07-18;18,25;28,1;27,51;13,21
2019-07-19;18,09;28,389999;27,440001;13,05
2019-07-22;17,99;28,1;27,49;13,25
2019-07-23;18,030001;27,74;27,52;13,32
2019-07-24;17,959999;27,825001;27,35;13,3
2019-07-25;19,49;27,85;26,889999;12,9
2019-07-26;19,799999;28,790001;26,139999;13,01
2019-07-29;20,5;28,655001;26,379999;12,99
2019-07-30;20,34;29,870001;26,24;12,78
2019-07-31;20,129999;30,584999;26,08;12,47
2019-08-01;20,42;31,575001;26,25;12,55
2019-08-02;20,49;31,915001;26,52;12,46
2019-08-05;20,16;31,709999;25,549999;12,26
2019-08-06;20,48;33,064999;25,879999;12,66
2019-08-07;20,629999;32,755001;25,6;12,99
2019-08-08;20,17;32,564999;26,35;13,12
2019-08-09;20,07;32,924999;26,280001;13,06
2019-08-12;19,48;32,040001;25,65;12,6
2019-08-13;19,379999;33,049999;25,790001;12,92
2019-08-14;19,01;32;24,92;12,75
2019-08-15;18,780001;32,095001;24,23;12,8
2019-08-16;18,9;31,75;23,91;12,51
2019-08-19;19,110001;31,65;24,030001;12,29
2019-08-20;18,940001;31,18;24,02;12,1
2019-08-21;18,799999;31,434999;25,450001;12,25
2019-08-22;18,469999;30,75;25,219999;12,05
2019-08-23;18,33;30,555;24,280001;11,88
2019-08-26;18,09;30,25;23,959999;11,83
2019-08-27;18,17;31,52;24,34;12,02
2019-08-28;18,15;32,880001;24,59;12,2
2019-08-29;18,549999;33,470001;25,5;12,26
2019-08-30;18,719999;32,990002;25,5;12,29
2019-09-02;18,379999;33,134998;25,299999;12,14
2019-09-03;18,52;32,200001;25,6;11,95
2019-09-04;18,799999;32,43;26,26;12,14
2019-09-05;18,690001;32,360001;26,389999;12,58
2019-09-06;18,719999;32,5;26,52;12,95
2019-09-09;18,870001;32,389999;26,93;13,11
2019-09-10;18,82;32,049999;27,1;12,98
2019-09-11;18,91;33,775002;26,870001;12,94
2019-09-12;19,370001;34,450001;27,059999;13,11
2019-09-13;19,1;34,630001;26,879999;13,16
2019-09-16;19,15;35,75;28,059999;13,12
2019-09-17;19,43;36,174999;27,690001;13,18
2019-09-18;19,26;36,150002;27,219999;13,2
2019-09-19;19,35;36,549999;27,290001;13,08
2019-09-20;19,389999;35,869999;27;13,24
2019-09-23;19,41;36,060001;27,48;13,1
2019-09-24;19,35;36,419998;27,27;13,06
2019-09-25;19,6;35,599998;27,34;13,14
2019-09-26;19,530001;35,349998;27,700001;13,42
2019-09-27;19,450001;34,849998;27,66;13,39
2019-09-30;19,25;33,860001;27,549999;13,18
2019-10-01;19,309999;33,75;27,51;12,95
2019-10-02;18,860001;33,200001;26,719999;12,65
2019-10-03;18,58;33,619999;26,74;12,5
2019-10-04;19,209999;34,549999;26,51;12,51
2019-10-07;18,870001;33,189999;26,17;12,18
2019-10-08;18,6;32,450001;26,02;12,14
2019-10-09;18,67;31,870001;26,52;12,33
2019-10-10;18,42;31,82;26,74;12,43
2019-10-11;18,58;31,84;27,26;12,7
2019-10-14;18,719999;31,9;27,309999;12,91
2019-10-15;18,889999;31,83;27,6;12,93
2019-10-16;18,889999;32,099998;27,93;13,17
2019-10-17;18,77;32,490002;27,66;13,15
2019-10-18;18,67;32,279999;27,6;13,07
2019-10-21;18,99;32,23;27,77;13,26
2019-10-22;18,77;32,669998;28,57;13,56
2019-10-23;18,68;31,93;28,950001;13,66
2019-10-24;19,190001;31,219999;28,32;13,65
2019-10-25;17,6;31,950001;29,25;13,79
2019-10-28;17,540001;31,200001;29,6;13,91
2019-10-29;17,58;30,33;29,82;13,78
2019-10-30;17,559999;31,01;30,08;13,95
2019-10-31;17,379999;31,16;30,389999;13,71
2019-11-01;17,33;31,799999;30,43;13,76
2019-11-04;17,57;31,040001;30,360001;13,9
2019-11-05;17,709999;30,200001;29,65;14,07
2019-11-06;17,52;31,610001;29,709999;13,96
2019-11-07;17,559999;34,099998;30,9;13,94
2019-11-08;17,299999;33,580002;30,02;13,76
2019-11-11;17,540001;33,400002;30,450001;13,89
2019-11-12;17,370001;32,43;30,02;13,73
2019-11-13;17,370001;32,09;29,9;13,5
2019-11-14;17,450001;32,029999;29,299999;13,63
2019-11-18;17,559999;31;29,08;13,6
2019-11-19;17,67;31,18;28,780001;13,42
2019-11-21;18,07;31,9;29,85;13,51
2019-11-22;18,190001;32;29,98;13,71
2019-11-25;18,200001;31,92;29,73;13,38
2019-11-26;18,030001;32,09;29,190001;13,06
2019-11-27;17,959999;32,400002;29,33;13,22
2019-11-28;18,01;33,200001;29,530001;13,25
2019-11-29;18,049999;33,119999;29,15;13,27
2019-12-02;17,969999;33,400002;29,07;13,36
2019-12-03;17,870001;34;28,98;13,33
2019-12-04;18,299999;34,27;29,66;13,65
2019-12-05;18,15;34,330002;30,049999;13,59
2019-12-06;18,450001;34,32;30,35;13,46
2019-12-09;18,440001;34,080002;30,209999;13,68
2019-12-10;18,370001;34,639999;30,440001;13,66
2019-12-11;18,450001;34,549999;30,4;13,62
2019-12-12;18,700001;35,32;30,969999;13,6
2019-12-13;19,01;36,709999;29,98;13,7
